N,P,K,temperature,humidity,ph,rainfall,label
97.7,41.6,49.2,30.86,78.92,5.64,165.12,rice
27.7,80.8,28.0,18.14,57.23,5.88,198.77,pigeonpeas
21.6,71.7,21.2,24.48,63.79,7.45,45.38,lentil
87.7,20.9,59.8,29.24,88.92,6.12,27.81,muskmelon
80.3,36.2,18.0,26.88,74.13,5.51,117.11,maize
22.3,18.9,10.9,24.33,91.34,7.18,127.46,orange
102.7,12.1,49.6,27.15,58.4,6.49,54.14,watermelon
24.0,11.6,38.4,21.92,86.87,6.67,112.02,pomegranate
22.2,34.0,45.0,28.09,50.98,7.22,119.94,mango
39.9,79.8,27.7,17.49,26.53,5.57,65.7,kidneybeans
116.1,73.8,61.5,26.1,89.86,5.97,144.31,banana
27.2,77.2,22.4,19.83,31.76,5.86,111.59,kidneybeans
14.6,17.0,44.6,27.26,62.42,5.51,80.84,mango
32.1,83.0,23.6,19.77,50.36,6.8,134.71,pigeonpeas
78.2,48.6,35.5,22.26,84.27,6.21,237.55,rice
20.4,147.6,202.8,18.46,81.83,5.93,77.75,grapes
85.7,21.1,53.1,27.73,93.1,6.41,20.26,muskmelon
16.7,24.3,39.3,28.89,98.53,6.06,208.51,coconut
95.2,56.9,18.7,25.47,78.27,6.71,96.93,cotton
20.5,56.0,21.1,17.89,84.27,7.1,55.57,lentil
93.4,56.3,34.9,29.37,65.33,6.74,90.73,cotton
17.4,24.4,41.1,20.96,90.66,6.55,118.72,pomegranate
81.9,12.0,53.4,30.52,72.76,6.24,57.23,watermelon
20.4,72.7,28.7,32.98,87.64,7.47,60.32,blackgram
110.9,96.3,57.3,23.88,79.28,5.98,176.35,banana
111.0,78.6,51.5,28.79,83.45,5.66,124.79,banana
93.1,21.1,27.2,23.47,65.27,6.86,207.84,coffee
35.4,63.1,22.7,31.6,48.75,6.06,63.93,mothbeans
88.2,36.4,32.7,20.17,82.01,6.68,208.84,rice
117.3,44.8,18.1,29.09,75.79,7.64,64.06,cotton
98.5,14.7,46.6,25.0,91.08,6.36,27.52,muskmelon
23.9,58.2,18.3,20.19,27.16,5.75,63.46,kidneybeans
89.7,47.8,21.9,21.34,74.69,5.58,112.02,maize
38.0,77.3,85.2,21.34,16.42,6.51,74.47,chickpea
29.8,130.5,194.3,16.16,93.8,5.94,118.76,apple
39.5,75.2,27.7,18.24,28.53,6.09,96.19,kidneybeans
15.6,65.1,17.7,19.38,63.49,6.3,170.15,pigeonpeas
110.2,32.6,28.4,21.47,69.4,7.17,169.78,coffee
16.6,33.5,30.4,34.88,58.41,6.43,104.54,mango
106.8,35.1,22.3,23.39,78.79,6.7,75.09,cotton
36.4,66.4,99.3,16.11,23.45,6.08,89.6,chickpea
18.4,125.4,202.6,21.16,90.51,5.75,111.13,apple
68.6,30.9,35.2,27.14,76.03,6.49,239.53,rice
24.7,132.6,206.7,19.76,94.88,5.94,119.49,apple
18.6,27.8,41.4,24.06,64.84,5.87,98.81,mango
28.6,134.7,204.4,18.17,92.82,5.68,123.48,apple
42.5,67.4,49.1,32.13,93.05,6.82,77.83,papaya
65.9,58.0,48.3,26.15,89.32,6.71,41.05,papaya
56.2,60.1,59.5,28.23,87.87,6.36,108.73,papaya
81.9,50.8,43.0,22.69,89.24,5.97,198.81,rice
78.4,43.3,43.2,25.07,72.1,6.04,164.62,jute
14.2,30.3,44.0,31.89,62.63,6.78,95.51,mango
27.5,18.8,36.0,24.26,60.28,6.66,105.02,mango
27.1,127.4,190.4,27.38,79.58,6.07,86.98,grapes
116.1,19.5,25.6,22.33,64.09,6.68,182.2,coffee
27.1,19.4,26.3,32.13,49.23,6.29,82.57,mango
32.5,145.7,199.3,23.35,86.78,5.66,119.72,apple
27.6,132.1,195.8,19.69,80.33,5.61,76.48,grapes
92.0,16.4,62.7,25.34,86.36,6.08,28.43,muskmelon
29.7,15.4,29.2,28.17,96.49,6.13,191.48,coconut
89.5,35.5,37.2,23.17,89.94,6.18,177.14,jute
29.3,62.2,16.8,30.34,86.38,6.62,64.1,mungbean
113.5,77.5,53.6,28.68,81.44,5.94,105.25,banana
81.6,81.6,53.1,23.67,75.35,5.63,152.37,banana
64.7,47.3,35.5,26.65,88.03,7.16,180.96,rice
105.7,50.3,21.3,30.3,75.91,6.33,107.37,cotton
80.5,55.4,15.8,18.76,67.91,5.64,64.28,maize
89.4,65.0,33.7,23.78,60.53,6.77,107.14,maize
18.6,57.8,22.5,31.29,35.13,7.7,39.32,mothbeans
38.8,56.8,57.0,26.86,88.75,6.13,115.26,papaya
25.4,48.5,24.0,25.72,66.8,7.4,85.42,mungbean
28.9,61.9,22.5,22.31,34.16,5.72,113.17,kidneybeans
26.6,19.9,43.6,27.56,99.83,6.09,144.03,coconut
88.9,22.6,40.3,25.14,63.25,6.01,159.95,coffee
101.4,21.2,34.8,20.25,51.08,7.17,194.88,coffee
101.5,30.0,52.0,30.83,91.98,6.69,23.26,muskmelon
84.4,57.7,41.6,24.54,88.27,7.02,184.96,jute
26.9,74.3,15.6,31.21,83.34,6.75,70.73,blackgram
39.1,50.3,21.8,26.23,63.56,4.43,53.19,mothbeans
26.1,71.0,28.1,24.96,26.65,6.31,79.62,kidneybeans
24.2,29.3,37.7,31.71,91.58,5.6,177.91,coconut
61.3,37.4,22.9,19.19,64.19,6.88,108.04,maize
92.2,58.7,21.1,18.73,60.07,5.85,101.7,maize
36.1,63.1,81.1,23.95,28.33,7.57,78.17,chickpea
21.0,63.5,19.6,25.35,46.12,5.5,31.41,mothbeans
38.3,81.0,18.5,32.78,78.26,7.46,71.21,blackgram
27.2,23.7,19.9,18.93,88.34,6.07,124.94,orange
18.7,65.3,28.0,16.55,16.65,5.98,78.15,kidneybeans
20.2,12.6,44.8,20.78,87.63,6.56,109.96,pomegranate
81.3,19.3,53.4,30.23,62.1,6.98,45.42,watermelon
30.9,51.7,26.1,28.36,82.95,6.65,64.21,mungbean
11.3,20.3,20.5,26.42,87.92,6.98,103.31,orange
93.2,81.4,57.4,29.18,80.88,6.4,144.8,banana
65.1,48.4,35.0,23.83,77.2,6.41,175.56,jute
95.2,23.8,57.6,30.63,89.52,6.52,28.1,muskmelon
82.7,55.0,49.6,29.35,81.47,6.06,168.72,jute
21.6,23.3,26.3,28.75,99.53,6.02,210.88,coconut
33.4,73.3,22.3,19.86,39.15,5.76,155.92,pigeonpeas
81.5,47.6,44.9,25.18,77.55,6.07,204.46,rice
11.1,23.5,47.8,23.63,86.84,6.44,114.34,pomegranate
94.0,24.1,51.2,26.52,56.21,6.69,57.03,watermelon
81.6,54.2,47.9,23.82,77.2,5.96,214.07,rice
16.9,70.0,25.3,22.92,77.49,7.32,77.39,lentil
62.7,52.5,21.9,23.59,51.14,7.24,118.41,maize
16.4,22.6,37.3,30.86,54.63,6.3,119.45,mango
30.8,82.4,18.1,31.65,62.36,6.91,64.92,blackgram
36.5,63.6,79.2,18.53,27.43,6.67,89.31,chickpea
26.1,42.7,17.9,31.7,60.01,7.21,43.96,mungbean
64.2,54.7,31.4,21.42,69.39,7.43,72.23,maize
14.2,31.2,40.5,25.6,54.28,7.05,93.49,mango
45.2,69.1,99.4,21.34,17.53,7.35,73.0,chickpea
46.4,72.2,85.5,19.3,21.34,6.87,90.96,chickpea
35.7,47.5,18.9,30.94,53.42,6.41,49.52,mothbeans
74.2,37.1,25.4,18.61,70.01,5.97,92.4,maize
22.3,17.3,37.9,22.87,94.38,6.81,115.37,pomegranate
12.1,23.3,35.7,19.39,94.36,6.03,108.76,pomegranate
74.0,57.9,46.6,31.58,77.49,6.96,290.75,rice
97.3,42.8,37.2,27.26,81.23,7.21,159.52,jute
24.8,71.6,22.5,16.94,32.18,6.18,110.27,kidneybeans
70.6,37.3,49.5,24.72,92.84,6.76,269.22,rice
19.2,56.4,17.6,25.88,47.3,9.45,38.47,mothbeans
16.7,76.7,27.1,17.89,79.92,6.35,75.01,lentil
97.1,53.8,38.8,24.36,86.13,6.69,153.77,jute
68.3,62.9,17.3,25.36,59.52,7.26,112.08,maize
16.7,136.7,195.0,17.43,94.91,6.26,125.11,apple
96.9,64.2,16.7,22.69,76.91,7.31,108.04,cotton
84.6,25.3,59.5,28.52,64.36,6.89,63.0,watermelon
22.3,132.4,203.1,34.9,84.38,5.5,86.56,grapes
21.7,66.2,98.3,21.42,28.43,7.26,67.96,chickpea
33.3,42.0,27.2,28.71,37.38,5.04,55.12,mothbeans
98.0,89.4,64.1,29.95,75.6,5.83,137.64,banana
18.9,24.8,38.6,25.12,51.57,5.65,82.93,mango
62.9,36.0,32.0,23.79,80.95,6.32,193.01,jute
25.1,128.0,196.2,25.56,77.16,6.38,62.56,grapes
20.8,137.8,200.9,16.98,78.19,5.55,71.87,grapes
99.9,46.7,45.4,31.34,91.99,5.99,217.58,rice
25.1,12.4,19.3,21.28,89.23,7.13,128.52,orange
20.9,69.4,23.3,31.32,67.71,7.42,65.09,blackgram
68.3,73.6,50.6,31.51,90.79,6.24,60.97,papaya
15.0,42.2,18.1,27.5,84.18,6.42,49.58,mungbean
16.3,83.1,22.9,31.15,74.47,6.14,83.04,blackgram
18.9,23.2,38.6,25.08,91.43,7.01,192.13,coconut
20.9,6.9,30.7,24.7,98.6,6.68,210.21,coconut
99.7,59.1,18.5,26.93,78.76,7.13,90.06,cotton
43.2,49.1,59.5,24.08,92.02,6.69,76.74,papaya
16.3,56.6,25.4,19.58,19.53,6.11,75.17,kidneybeans
25.8,31.4,30.8,27.74,63.72,5.83,81.69,mango
14.5,133.7,209.1,32.01,76.45,5.53,88.01,grapes
96.0,92.8,54.7,31.4,79.41,5.92,162.96,banana
21.6,65.5,25.6,18.68,76.66,5.7,71.23,lentil
14.3,130.0,209.2,25.4,79.01,6.02,83.37,grapes
25.5,22.4,25.8,28.0,57.21,5.74,116.96,mango
32.2,122.2,194.1,15.93,85.63,5.77,117.16,apple
62.6,42.2,36.1,24.45,80.16,6.02,165.05,jute
25.9,9.6,8.2,28.3,92.08,6.37,103.49,orange
32.6,77.5,73.0,17.78,20.53,6.86,99.21,chickpea
23.8,20.7,37.6,20.38,91.21,7.34,109.92,pomegranate
18.3,25.1,34.5,19.55,86.61,6.56,116.94,pomegranate
21.1,139.3,202.3,29.38,81.43,6.02,80.45,grapes
96.9,24.7,50.4,27.47,93.72,6.31,25.46,muskmelon
15.5,79.8,22.9,22.75,19.69,5.85,61.81,kidneybeans
102.1,49.1,32.9,27.6,70.84,7.36,85.29,cotton
18.4,69.1,29.1,16.86,89.34,7.49,60.0,lentil
35.2,137.5,197.8,16.1,93.95,5.54,125.9,apple
26.6,80.4,15.9,18.35,16.34,6.48,109.02,kidneybeans
100.1,20.8,31.1,25.97,58.98,6.25,156.62,coffee
81.6,25.5,57.3,25.49,90.09,6.08,27.36,muskmelon
25.8,16.3,19.5,22.11,88.81,6.2,115.72,orange
18.7,54.4,17.6,30.98,51.46,4.52,68.49,mothbeans
42.7,68.8,78.7,24.0,17.32,7.91,72.56,chickpea
91.5,41.0,20.2,19.48,58.26,7.01,91.16,maize
17.5,123.2,199.9,32.48,83.87,5.51,86.59,grapes
28.1,72.9,96.0,24.47,17.12,6.31,97.79,chickpea
105.7,63.6,27.1,28.06,67.56,7.99,98.64,cotton
88.8,26.6,57.8,31.29,91.3,6.74,28.36,muskmelon
27.2,148.2,194.0,21.2,77.4,5.86,87.44,grapes
27.7,51.4,20.4,25.81,65.8,7.43,60.43,mungbean
97.0,56.3,35.2,27.92,91.34,6.61,229.45,rice
88.1,51.8,15.2,20.94,62.94,5.68,81.04,maize
19.0,22.5,32.9,19.32,93.59,6.38,107.6,pomegranate
29.2,126.2,203.1,15.87,75.66,6.05,63.15,grapes
70.0,44.7,34.4,31.85,93.88,5.58,255.84,rice
76.9,57.1,19.8,18.99,58.87,6.07,77.78,maize
47.1,57.7,50.1,32.64,94.86,6.26,44.49,papaya
113.4,80.8,57.2,23.53,75.99,5.72,110.23,banana
47.0,72.5,59.5,32.6,93.72,6.97,101.06,papaya
83.9,28.9,59.2,29.93,64.99,6.47,43.3,watermelon
31.8,67.7,82.3,24.08,29.28,7.22,72.37,chickpea
25.4,23.2,38.2,24.27,86.63,7.49,102.38,pomegranate
60.5,63.7,29.8,21.18,57.41,6.2,106.48,maize
23.5,132.1,207.2,18.62,80.44,6.45,78.76,grapes
40.2,62.8,80.4,24.17,20.81,6.94,95.61,chickpea
23.4,139.2,200.7,23.16,91.27,5.5,122.9,apple
89.2,71.4,59.1,30.5,81.51,6.43,147.22,banana
26.6,39.0,28.9,30.94,54.77,4.19,61.04,mothbeans
91.6,58.5,27.3,25.15,79.42,7.46,106.69,cotton
36.3,43.6,24.6,26.51,63.53,3.72,53.19,mothbeans
31.2,39.5,29.0,28.83,81.89,6.03,50.26,mungbean
39.0,75.0,29.0,17.65,27.23,6.18,79.05,kidneybeans
10.9,123.3,193.7,25.08,83.49,5.74,88.05,grapes
69.6,69.7,59.9,24.7,93.76,6.53,111.14,papaya
25.7,75.2,99.3,16.02,15.17,6.87,63.71,chickpea
32.3,70.4,24.8,33.9,73.21,7.35,82.52,blackgram
65.2,36.0,33.4,23.55,69.91,6.46,67.04,maize
95.3,13.5,61.1,31.11,72.03,6.43,62.76,watermelon
73.8,64.3,27.8,25.4,53.31,7.22,115.37,maize
42.6,57.9,50.5,29.53,85.59,6.15,99.66,papaya
53.2,65.8,62.8,33.36,94.78,6.51,106.46,papaya
44.9,73.0,73.4,15.94,33.19,7.34,93.17,chickpea
66.0,41.8,20.0,25.66,64.03,6.55,66.89,maize
107.6,99.1,46.7,31.01,76.89,5.89,168.12,banana
83.4,58.2,41.5,24.66,87.87,6.42,231.84,rice
23.5,58.8,20.9,20.28,55.7,5.13,96.44,pigeonpeas
80.9,43.6,30.9,23.2,65.86,7.1,83.76,maize
116.9,61.2,25.2,28.6,76.27,5.67,89.79,cotton
61.0,33.2,30.6,27.64,81.29,6.52,286.13,rice
89.1,81.7,57.1,29.55,88.52,6.42,162.13,banana
78.1,39.9,30.9,24.24,55.52,5.66,100.83,maize
36.3,61.4,25.0,30.43,84.99,6.19,63.89,blackgram
102.8,62.6,26.5,29.06,73.34,6.06,96.18,cotton
17.6,67.9,18.4,30.16,67.6,7.41,87.18,blackgram
21.8,61.1,19.7,17.42,19.3,5.92,114.47,kidneybeans
86.2,43.2,34.0,19.36,60.81,7.39,85.18,maize
23.2,61.3,22.4,15.2,80.14,6.55,75.44,lentil
91.8,38.1,38.8,20.94,75.51,7.43,275.4,rice
113.9,21.8,42.8,24.17,60.55,6.49,167.06,coffee
21.8,59.7,22.8,29.62,69.43,6.87,76.49,mungbean
16.7,146.0,205.9,20.75,85.84,5.77,108.93,apple
37.5,141.6,197.0,20.87,88.11,6.5,122.47,apple
15.1,21.2,27.4,33.51,54.87,6.64,102.78,mango
24.2,65.7,20.2,25.29,45.42,7.14,145.61,pigeonpeas
95.9,75.1,52.7,30.72,80.45,6.45,175.7,banana
21.4,18.6,6.7,25.65,87.81,7.01,123.2,orange
86.8,17.6,58.1,25.53,91.04,6.93,28.5,muskmelon
19.2,80.1,23.2,20.65,55.21,6.03,156.47,pigeonpeas
18.9,48.2,22.7,26.07,41.08,4.07,42.13,mothbeans
16.7,75.3,17.6,18.45,61.85,6.04,69.58,lentil
94.9,53.9,44.5,23.78,70.43,6.89,193.16,jute
71.1,52.8,33.2,19.9,65.57,6.76,103.99,maize
13.1,25.9,45.7,19.66,87.89,7.41,116.51,pomegranate
70.0,58.8,39.0,24.17,72.2,6.97,171.89,jute
26.0,15.5,6.8,24.91,91.12,7.46,122.84,orange
21.9,13.2,21.8,18.15,90.55,7.44,127.12,orange
26.0,144.3,200.1,22.03,92.46,5.75,126.27,apple
24.5,144.2,203.1,19.37,91.52,5.55,105.41,apple
19.0,26.6,42.4,27.77,99.73,5.65,120.34,coconut
22.6,9.8,10.6,30.27,89.67,6.78,121.72,orange
99.5,41.2,37.4,29.75,93.94,7.47,263.01,rice
97.4,19.3,53.4,31.23,89.37,6.08,29.47,muskmelon
53.6,65.5,63.7,32.14,91.44,6.12,69.9,papaya
28.0,57.2,17.9,33.4,81.75,7.34,63.53,blackgram
107.6,23.7,54.4,25.65,92.91,6.08,20.69,muskmelon
27.1,24.8,29.3,25.87,45.0,6.94,84.44,mango
28.8,72.9,28.1,26.08,42.09,6.91,149.43,pigeonpeas
44.9,48.3,64.4,29.46,86.28,6.35,83.76,papaya
94.6,49.7,48.9,28.17,72.48,6.26,199.45,jute
80.9,51.5,45.0,25.21,76.44,6.46,168.14,jute
20.2,11.0,43.6,31.85,98.15,6.13,160.35,coconut
70.2,60.2,15.8,26.12,61.54,6.77,99.56,maize
37.2,120.8,198.1,15.31,88.71,5.67,107.57,apple
21.5,56.6,25.9,19.7,40.6,6.1,152.09,pigeonpeas
111.2,26.6,44.5,26.28,69.97,6.88,164.32,coffee
62.1,47.6,20.2,24.58,74.53,6.01,99.25,maize
94.5,58.4,37.5,23.25,87.88,6.32,153.81,rice
34.3,64.8,18.6,16.69,83.25,5.76,55.42,lentil
77.3,48.2,27.3,26.49,56.02,5.74,71.85,maize
108.2,42.3,25.5,24.34,81.16,6.47,101.68,cotton
87.2,18.1,62.3,31.57,94.93,6.96,20.06,muskmelon
23.7,78.8,78.3,23.77,33.88,6.3,78.51,chickpea
32.7,64.5,15.8,24.77,55.22,5.33,37.37,mothbeans
41.2,55.0,55.9,23.33,91.43,6.33,90.62,papaya
83.3,25.8,48.4,24.29,58.71,6.77,52.15,watermelon
51.7,54.0,58.3,30.39,90.78,6.11,78.16,papaya
21.9,56.0,21.3,33.95,89.48,6.96,64.85,blackgram
26.0,30.8,40.2,27.84,54.08,6.69,118.96,mango
111.0,24.1,37.6,25.17,69.21,6.25,219.82,coffee
85.8,25.9,26.2,26.81,52.84,7.01,177.38,coffee
21.6,55.2,15.8,24.91,30.14,10.0,62.09,mothbeans
106.6,76.4,53.7,23.98,83.23,5.62,101.85,banana
60.5,49.9,33.6,31.53,77.97,6.33,162.8,rice
44.7,83.7,94.6,15.02,27.73,6.1,70.3,chickpea
22.5,26.6,37.2,21.01,89.1,6.56,118.51,pomegranate
34.7,35.9,29.5,30.27,69.1,6.54,43.32,mungbean
19.1,62.0,15.4,23.35,34.49,5.64,73.89,kidneybeans
110.2,72.7,62.2,30.13,75.5,5.59,103.93,banana
56.5,61.4,62.6,27.84,85.61,6.84,93.92,papaya
18.9,129.3,202.1,18.7,81.27,5.67,61.91,grapes
10.3,19.6,18.9,28.47,87.57,6.89,119.77,orange
14.1,6.5,35.9,29.6,99.98,6.22,209.64,coconut
89.8,31.0,41.4,29.15,92.54,6.18,273.19,rice
21.5,13.3,7.4,20.61,92.25,7.22,103.59,orange
29.6,135.5,208.6,23.15,84.99,6.08,61.27,grapes
75.2,60.9,25.4,22.31,50.64,6.18,82.81,maize
25.3,53.9,25.5,32.11,61.56,7.29,62.91,mungbean
73.5,54.8,34.2,29.65,88.97,6.02,172.02,jute
26.4,55.9,21.0,20.71,88.59,6.53,71.86,lentil
27.7,60.6,16.2,21.96,22.66,6.32,99.57,kidneybeans
25.5,122.6,194.0,16.55,89.82,6.03,128.47,apple
86.2,24.3,61.2,28.17,90.07,6.03,20.69,muskmelon
100.7,32.1,39.6,18.79,54.18,6.47,158.15,coffee
19.9,27.0,47.5,19.19,86.36,6.95,106.02,pomegranate
16.6,126.9,207.8,16.1,76.77,6.05,74.43,grapes
20.0,19.1,36.9,22.86,92.6,7.28,119.46,pomegranate
83.6,84.2,48.9,24.08,84.92,6.41,132.3,banana
93.6,58.6,43.5,24.92,77.2,6.72,180.23,jute
87.8,42.3,33.5,21.88,80.0,6.6,257.19,rice
54.9,70.2,60.2,29.78,94.61,6.19,115.47,papaya
71.4,44.2,31.1,22.85,57.78,6.72,102.97,maize
10.2,28.7,42.6,20.25,87.46,6.01,104.71,pomegranate
24.4,13.8,38.8,18.5,88.9,7.11,107.73,pomegranate
54.6,55.0,58.6,28.02,89.38,6.86,44.01,papaya
22.7,16.0,37.2,25.68,61.61,6.21,91.26,mango
22.2,72.3,16.0,26.91,72.22,7.41,71.32,blackgram
82.6,54.9,38.8,31.64,75.44,7.12,170.95,jute
79.5,38.3,26.0,22.09,71.11,5.7,89.29,maize
46.2,68.2,57.1,28.43,94.13,6.38,57.6,papaya
27.5,82.9,23.7,20.38,73.63,5.92,35.17,lentil
16.4,13.4,35.3,18.25,92.04,6.74,101.88,pomegranate
28.9,79.8,24.5,28.98,50.95,5.74,195.37,pigeonpeas
15.9,135.0,207.1,20.88,87.77,5.9,120.41,apple
20.8,13.5,24.5,24.52,87.54,6.46,118.34,orange
101.1,14.1,62.9,31.43,74.52,6.94,48.16,watermelon
118.2,73.9,58.9,27.06,75.38,6.42,168.15,banana
36.1,67.9,20.7,24.15,20.02,6.34,89.04,kidneybeans
16.4,6.9,28.0,24.36,92.92,7.23,153.94,coconut
31.2,83.6,17.3,24.68,51.06,6.25,134.16,pigeonpeas
30.4,132.7,202.4,18.42,85.29,5.9,127.91,apple
92.6,17.8,39.8,26.8,68.88,6.09,201.79,coffee
22.3,25.2,33.7,30.53,49.67,7.38,103.55,mango
28.8,78.2,85.5,18.48,22.43,6.0,71.99,chickpea
27.1,143.1,191.3,27.42,77.35,6.06,88.71,grapes
75.0,58.5,44.6,27.18,78.12,5.81,158.71,rice
99.6,45.3,33.0,29.42,84.44,7.0,72.09,cotton
97.0,20.4,42.2,23.97,61.83,6.92,200.32,coffee
91.3,25.3,39.7,18.95,55.93,7.39,180.04,coffee
30.9,79.6,15.6,24.97,54.13,5.26,123.85,pigeonpeas
18.2,8.0,28.3,27.57,93.4,6.44,162.92,coconut
25.5,19.5,30.7,29.87,95.89,5.53,210.16,coconut
94.1,39.3,17.1,28.16,67.31,7.61,109.65,cotton
20.0,147.0,195.2,32.36,81.44,5.52,81.74,grapes
90.5,58.9,23.7,25.36,53.01,6.59,60.35,maize
61.1,73.7,50.3,25.48,93.89,6.77,114.12,papaya
64.0,47.0,31.0,19.84,63.88,6.97,96.96,maize
112.4,58.2,33.4,26.27,70.87,7.1,80.79,cotton
23.8,82.3,23.5,28.67,58.41,5.53,137.71,pigeonpeas
20.5,84.0,77.5,21.76,29.13,7.22,72.52,chickpea
37.4,64.2,27.9,26.1,88.42,6.64,40.47,mungbean
85.0,56.6,42.3,22.8,75.49,7.24,153.19,rice
32.8,56.1,73.8,22.66,15.0,6.83,80.9,chickpea
95.3,15.3,63.7,28.21,86.28,6.43,21.27,muskmelon
33.3,73.6,17.8,15.26,20.69,5.94,97.03,kidneybeans
16.0,35.7,26.6,25.08,46.37,7.44,47.13,mothbeans
107.5,47.6,19.1,26.24,78.28,5.68,76.67,cotton
26.6,6.2,8.4,28.53,85.01,6.56,117.52,orange
99.7,13.9,51.1,25.05,62.66,6.2,59.32,watermelon
80.1,47.3,39.9,22.34,89.45,6.06,153.65,rice
65.0,55.6,23.6,19.8,62.29,5.63,94.92,maize
24.9,84.2,23.2,17.75,29.19,5.77,114.25,kidneybeans
26.5,50.9,15.5,29.11,32.85,6.33,41.71,mothbeans
101.6,11.2,54.4,30.62,64.02,6.15,69.55,watermelon
27.1,36.9,23.3,33.41,89.91,6.65,56.01,mungbean
101.7,21.8,39.1,26.26,56.93,6.13,170.74,coffee
15.5,73.1,19.2,23.62,68.5,6.87,65.34,lentil
33.4,74.9,16.7,32.21,75.01,7.34,87.6,blackgram
11.9,19.2,19.7,19.85,87.98,6.94,100.65,orange
90.8,41.9,33.1,28.4,69.54,6.05,103.13,cotton
87.8,16.9,64.8,27.62,92.61,6.45,27.93,muskmelon
115.2,53.7,29.7,25.49,83.89,7.27,81.09,cotton
40.0,64.8,26.2,23.07,32.16,6.5,74.49,kidneybeans
29.9,68.0,17.5,16.17,25.93,6.4,80.64,kidneybeans
13.4,138.0,204.2,21.34,80.4,6.19,72.64,grapes
36.3,62.3,28.1,15.19,81.97,7.37,64.57,lentil
33.2,41.0,20.6,30.02,81.76,6.17,60.32,mungbean
29.3,41.5,27.9,34.42,75.55,6.53,51.7,mungbean
38.9,72.0,22.7,15.85,25.98,5.88,96.43,kidneybeans
14.1,20.5,27.6,24.02,99.32,6.61,212.69,coconut
81.1,56.9,16.6,18.54,56.18,5.82,112.31,maize
25.7,71.2,25.4,22.02,18.43,6.0,84.72,kidneybeans
14.9,28.1,32.1,24.88,93.6,7.03,118.77,pomegranate
32.6,68.7,25.0,23.37,18.39,5.52,106.75,kidneybeans
106.8,14.5,56.1,29.51,86.69,6.98,24.88,muskmelon
23.0,15.6,25.3,25.42,50.03,6.36,99.5,mango
27.5,48.6,26.3,25.06,49.14,7.05,33.58,mothbeans
58.9,61.5,60.7,25.67,86.84,6.05,85.87,papaya
27.3,146.2,200.9,19.81,94.25,6.22,103.35,apple
27.1,70.4,73.1,18.85,24.75,7.3,98.02,chickpea
26.0,21.6,45.5,20.33,93.31,6.41,110.92,pomegranate
63.0,36.1,33.1,28.77,77.98,7.24,153.6,jute
72.1,38.0,28.8,18.56,62.74,7.49,108.84,maize
29.1,79.1,17.1,20.81,25.11,5.64,97.44,kidneybeans
37.8,59.6,26.4,24.39,59.53,6.35,43.7,mothbeans
26.8,69.9,26.0,15.88,80.05,7.29,37.6,lentil
26.1,72.7,75.6,18.32,32.1,6.41,62.85,chickpea
110.1,62.4,34.4,26.97,69.69,5.98,71.15,cotton
26.5,15.9,35.7,26.24,91.63,6.46,166.35,coconut
74.0,36.7,34.4,25.95,73.19,7.49,70.43,maize
103.9,12.5,52.9,26.17,60.83,6.12,64.17,watermelon
25.7,146.7,201.1,34.35,84.96,5.62,85.49,grapes
25.1,40.1,29.7,30.83,47.44,7.42,39.09,mothbeans
28.0,135.2,191.2,24.22,86.77,6.03,124.11,apple
37.3,57.7,20.0,32.44,64.56,6.2,57.28,mungbean
26.2,126.5,206.1,22.99,76.89,6.26,62.73,grapes
27.4,132.8,196.5,21.46,86.31,6.22,129.42,apple
21.5,144.9,193.8,30.69,80.96,6.39,65.16,grapes
27.8,14.8,35.6,18.37,92.96,6.63,104.58,pomegranate
32.7,35.2,22.8,25.38,77.08,7.38,88.42,mungbean
18.2,72.4,25.4,22.01,30.07,6.37,90.0,kidneybeans
89.7,57.4,32.8,29.52,80.29,6.17,182.58,jute
15.2,137.2,204.3,22.45,94.05,5.5,100.01,apple
13.4,120.3,194.7,19.7,79.22,6.42,86.38,grapes
26.5,53.9,23.4,32.43,68.39,6.85,44.41,mungbean
85.9,58.1,33.4,29.76,71.67,6.85,177.59,jute
35.9,67.4,57.7,24.44,86.71,6.87,73.58,papaya
25.4,18.3,9.3,21.87,92.76,7.91,102.37,orange
85.5,46.9,20.5,26.86,60.23,7.29,73.8,maize
17.0,13.6,42.9,21.25,89.95,6.64,119.12,pomegranate
18.4,125.3,208.5,30.25,79.81,6.18,86.92,grapes
14.8,27.3,43.3,27.35,96.57,5.83,163.49,coconut
25.3,56.2,19.1,31.38,63.38,5.56,94.74,pigeonpeas
19.0,17.7,38.6,24.85,85.89,7.38,109.6,pomegranate
93.9,16.5,57.2,31.13,93.84,6.11,24.28,muskmelon
41.9,84.0,76.7,21.63,29.84,7.7,76.91,chickpea
12.6,16.8,18.4,15.63,93.55,7.81,125.51,orange
21.0,20.5,29.9,25.51,61.98,6.73,87.46,mango
31.7,55.4,28.1,29.47,70.29,6.21,73.18,blackgram
35.3,68.2,49.3,24.91,87.75,6.59,92.77,papaya
93.4,52.9,22.1,26.64,71.56,6.51,101.13,cotton
28.5,16.8,27.3,24.36,47.09,5.92,118.8,mango
39.9,55.7,16.7,31.09,84.62,6.43,67.18,blackgram
19.2,65.6,21.0,18.8,50.42,7.15,106.69,pigeonpeas
34.1,68.4,26.8,31.18,63.39,6.23,73.11,blackgram
101.7,29.3,63.6,30.1,65.41,6.2,56.36,watermelon
30.8,62.5,25.6,19.28,23.85,6.15,116.18,kidneybeans
47.5,63.4,95.8,17.92,33.22,7.51,92.2,chickpea
33.6,40.0,17.8,29.61,68.59,6.37,72.26,mungbean
15.6,26.4,40.4,34.21,50.22,6.17,98.57,mango
20.2,35.0,38.9,27.39,62.54,7.06,80.62,mango
113.5,72.0,63.8,31.86,76.33,5.79,129.79,banana
26.8,20.5,11.5,26.19,86.24,7.01,100.56,orange
59.9,74.8,57.3,28.02,85.9,7.0,84.12,papaya
111.0,87.2,58.9,31.24,85.69,5.87,157.04,banana
19.7,56.2,20.9,29.23,41.94,5.83,164.31,pigeonpeas
93.9,45.8,16.3,31.8,67.37,6.15,104.56,cotton
106.5,79.3,51.4,25.39,85.2,5.56,174.33,banana
110.8,32.3,32.3,23.26,52.35,6.63,175.26,coffee
16.7,20.9,42.5,32.77,55.3,5.76,88.6,mango
68.2,61.3,32.6,25.84,55.97,6.4,119.1,maize
21.5,42.3,21.9,30.08,37.21,8.11,30.85,mothbeans
20.5,63.5,21.7,16.71,86.2,6.91,38.83,lentil
103.2,96.3,62.4,26.51,75.23,5.93,148.5,banana
10.4,20.4,13.0,28.87,92.08,7.66,108.57,orange
67.1,51.4,34.7,26.44,51.08,5.83,67.9,maize
10.2,21.8,40.0,24.11,85.84,7.02,113.6,pomegranate
94.2,49.8,19.9,25.84,61.13,6.53,81.55,maize
37.0,78.1,85.0,15.12,15.18,6.71,97.05,chickpea
28.3,79.2,26.9,20.81,83.42,5.88,37.25,lentil
19.1,5.2,33.9,26.95,96.7,7.38,128.58,coconut
103.3,31.4,42.2,18.29,68.78,6.07,193.02,coffee
62.4,38.3,46.1,28.98,78.69,5.92,205.57,rice
77.6,39.4,21.6,21.91,52.22,5.94,95.89,maize
18.0,56.1,15.8,29.68,34.13,4.64,138.17,pigeonpeas
73.4,57.3,18.2,25.36,70.8,6.51,60.38,maize
11.3,18.9,38.1,33.4,50.05,6.15,101.48,mango
37.2,129.1,204.3,21.12,89.27,5.74,111.07,apple
118.8,38.5,29.2,24.3,73.29,5.58,66.8,cotton
36.8,146.8,202.9,20.25,88.31,6.48,109.59,apple
60.0,58.3,41.0,28.58,83.29,6.84,192.84,jute
33.7,135.3,208.1,24.08,90.24,6.11,129.9,apple
105.5,26.5,36.3,24.15,60.04,6.03,213.01,coffee
10.4,19.7,40.0,20.25,86.32,6.56,113.45,pomegranate
84.6,44.2,27.5,22.74,60.65,5.76,113.2,maize
26.6,56.2,71.1,16.75,32.34,6.56,98.02,chickpea
35.9,46.4,57.8,22.84,92.34,6.54,55.89,papaya
100.6,14.3,59.2,31.55,90.65,6.61,20.69,muskmelon
49.4,73.1,80.7,21.48,17.46,7.78,80.12,chickpea
67.0,50.7,37.7,31.24,77.75,6.18,167.02,rice
17.1,62.9,23.7,31.67,87.35,6.52,71.08,mungbean
103.5,80.6,54.6,27.97,82.09,6.2,134.7,banana
97.8,62.6,31.1,23.41,80.39,7.78,63.93,cotton
19.4,29.1,32.3,24.62,92.33,6.96,112.91,pomegranate
46.8,83.4,96.8,19.19,30.61,6.95,79.9,chickpea
43.2,52.8,59.9,26.68,93.47,6.33,96.16,papaya
20.5,122.7,198.7,26.64,80.22,5.83,76.27,grapes
38.3,55.2,26.2,34.03,64.19,6.14,72.74,blackgram
29.7,31.2,28.2,27.06,51.6,6.8,110.28,mango
114.9,50.0,29.0,27.67,76.76,6.33,83.1,cotton
23.3,64.5,16.6,23.14,33.48,6.8,196.29,pigeonpeas
35.4,46.3,16.3,26.74,64.35,7.59,46.65,mothbeans
23.9,149.3,209.2,19.7,76.0,5.65,81.06,grapes
23.3,23.3,25.9,32.63,58.57,6.45,115.99,mango
86.8,82.8,48.7,29.73,82.12,5.85,128.89,banana
97.4,28.2,61.2,31.16,55.23,6.97,54.21,watermelon
35.4,63.8,26.9,31.04,74.8,6.06,89.22,mungbean
98.5,30.4,49.4,20.52,92.82,6.56,298.94,rice
17.1,15.0,43.9,23.39,87.45,6.07,116.98,pomegranate
33.1,68.1,24.5,18.41,69.03,6.66,57.42,lentil
92.3,24.0,57.8,28.26,70.37,6.76,58.54,watermelon
94.6,18.0,60.9,30.35,86.34,6.09,29.08,muskmelon
32.0,127.1,197.5,20.07,90.28,6.39,111.42,apple
89.9,49.5,47.0,27.89,86.37,5.69,205.16,rice
14.8,32.2,43.5,33.09,51.68,6.04,101.97,mango
97.3,12.5,58.8,30.12,85.43,6.68,24.15,muskmelon
19.9,59.8,23.4,30.1,54.98,4.85,52.75,mothbeans
104.9,18.8,33.1,23.39,66.87,6.09,191.77,coffee
21.7,5.2,11.6,16.06,90.22,7.63,106.19,orange
83.6,16.5,56.3,25.5,71.01,6.97,46.44,watermelon
21.8,80.7,15.5,15.76,68.22,5.9,45.43,lentil
75.6,30.3,48.1,21.1,81.39,7.4,292.59,rice
42.5,82.4,83.0,17.59,23.69,7.45,60.36,chickpea
93.3,56.0,46.7,24.37,82.61,6.02,192.4,jute
30.4,65.1,99.4,23.57,29.02,7.45,82.48,chickpea
14.8,18.3,34.7,21.44,93.72,7.07,111.6,pomegranate
22.2,67.3,79.3,21.77,27.12,6.73,68.72,chickpea
86.5,24.9,33.2,26.9,50.19,7.46,193.71,coffee
17.6,6.9,25.2,26.31,90.09,5.96,161.95,coconut
23.2,21.3,42.2,25.12,94.3,5.69,158.96,coconut
86.4,27.8,64.9,24.69,72.25,6.39,55.72,watermelon
22.4,77.0,28.1,26.93,62.93,7.35,70.5,blackgram
20.1,78.9,26.1,18.89,43.55,5.35,123.49,pigeonpeas
27.1,84.6,26.3,21.48,48.84,7.48,184.33,pigeonpeas
21.3,9.5,23.4,18.25,92.95,7.93,121.81,orange
11.6,16.3,13.6,15.3,87.36,6.57,103.36,orange
94.9,37.6,29.8,24.73,77.48,7.24,76.1,cotton
31.2,74.1,23.3,15.11,80.9,6.25,77.42,lentil
93.5,34.3,25.4,25.69,69.31,6.51,195.37,coffee
68.5,35.9,28.0,21.32,71.61,6.45,118.09,maize
47.6,74.5,56.4,24.64,87.93,6.69,113.98,papaya
20.1,53.8,20.4,31.97,46.81,6.66,52.63,mothbeans
10.3,27.5,35.5,30.8,90.6,5.95,145.94,coconut
88.9,21.3,50.0,30.54,57.21,6.83,58.08,watermelon
73.9,62.0,15.4,23.97,74.08,6.62,116.21,maize
65.4,51.6,40.4,24.46,80.7,7.37,150.78,jute
30.8,58.0,24.1,26.21,62.36,6.79,72.08,blackgram
67.4,61.1,30.5,24.94,71.12,7.02,97.57,maize
39.8,47.2,19.3,30.58,69.13,6.13,40.07,mungbean
21.4,28.1,45.7,22.36,88.15,6.81,101.82,pomegranate
33.6,73.6,27.0,29.32,83.57,6.69,88.23,blackgram
36.2,124.7,190.4,22.85,85.75,6.49,120.24,apple
44.7,79.1,86.6,20.2,17.86,7.55,70.86,chickpea
25.4,78.0,15.6,16.23,66.09,6.3,73.06,lentil
35.1,137.0,208.0,19.95,94.41,6.39,117.29,apple
25.9,26.6,37.9,34.24,53.57,6.16,119.09,mango
39.7,36.7,17.1,24.42,51.9,3.85,63.46,mothbeans
92.6,40.4,23.1,26.95,84.31,7.93,102.56,cotton
11.9,29.8,49.0,18.55,94.33,6.54,116.89,pomegranate
23.3,71.9,27.8,17.02,33.69,6.19,109.4,kidneybeans
77.4,37.4,46.4,29.59,88.89,6.04,238.53,rice
119.1,45.5,32.4,22.93,71.68,6.38,62.58,cotton
26.6,24.2,36.9,26.94,57.92,7.47,81.96,mango
104.4,81.0,53.3,30.32,79.65,6.44,114.37,banana
16.9,66.3,27.1,19.33,34.94,6.06,79.27,kidneybeans
29.5,62.9,22.5,30.74,45.61,8.11,59.27,mothbeans
11.1,123.6,208.6,26.04,82.96,5.83,77.78,grapes
88.6,20.4,62.0,29.95,91.22,6.5,22.99,muskmelon
93.5,19.9,51.0,26.11,85.47,6.2,25.82,muskmelon
37.0,63.3,26.1,25.87,80.07,6.62,63.54,mungbean
65.3,56.5,33.2,19.62,55.94,7.44,70.86,maize
24.3,82.9,15.9,15.92,18.26,6.1,69.03,kidneybeans
28.5,33.0,26.8,25.45,54.91,5.71,93.82,mango
104.1,24.7,63.5,27.57,58.46,6.05,47.39,watermelon
102.1,12.6,55.2,26.23,58.22,6.43,43.93,watermelon
38.4,82.5,24.5,21.3,23.06,6.25,91.88,kidneybeans
14.8,10.5,23.4,16.3,91.1,7.36,115.17,orange
19.0,64.3,17.4,29.87,70.92,6.96,46.45,mungbean
33.1,82.9,21.5,19.67,47.93,5.55,131.23,pigeonpeas
25.6,20.6,41.8,19.4,87.87,6.24,104.99,pomegranate
12.7,20.8,38.2,30.74,55.62,6.87,105.5,mango
87.3,37.3,32.0,22.46,62.01,6.68,109.48,maize
16.4,52.6,27.6,24.14,31.72,7.22,62.78,mothbeans
23.1,57.8,29.6,27.86,72.71,6.97,60.74,blackgram
26.2,55.8,26.0,31.96,40.06,7.0,51.33,mothbeans
26.3,139.6,206.8,33.89,77.73,5.67,74.52,grapes
20.5,66.4,27.1,23.24,22.69,5.96,78.2,kidneybeans
15.3,64.0,23.7,18.76,76.05,7.25,76.06,lentil
24.4,71.5,15.8,19.26,31.65,6.31,73.46,kidneybeans
13.7,19.7,46.6,24.65,91.34,6.53,112.07,pomegranate
28.3,27.1,25.6,30.01,96.55,7.04,169.45,coconut
91.0,22.9,64.0,25.29,94.19,6.61,28.07,muskmelon
24.3,23.3,43.7,25.67,99.95,7.05,192.66,coconut
16.2,28.2,47.4,21.91,88.25,6.44,100.67,pomegranate
22.9,56.7,26.5,27.83,41.6,6.53,133.55,pigeonpeas
63.3,52.1,45.8,31.66,72.98,6.8,178.38,jute
24.5,78.3,20.1,26.79,36.72,4.94,193.19,pigeonpeas
76.7,58.0,47.3,20.54,75.53,6.25,271.58,rice
94.2,51.1,39.5,21.17,84.83,6.45,175.98,rice
16.5,21.8,38.2,29.14,61.24,5.81,111.6,mango
13.3,17.0,44.8,23.3,91.67,6.35,111.76,pomegranate
88.7,17.5,35.4,23.48,56.69,6.95,154.81,coffee
101.2,60.8,25.3,27.35,82.22,6.73,94.08,cotton
12.2,29.5,30.4,33.02,64.91,5.65,98.92,mango
19.9,37.9,17.5,31.39,58.75,5.8,56.23,mothbeans
16.0,40.8,23.0,34.35,85.05,7.26,55.16,mungbean
106.1,40.3,33.2,28.48,74.56,7.54,82.54,cotton
29.5,53.5,26.7,29.63,59.21,3.87,59.9,mothbeans
18.7,63.0,20.4,19.08,28.59,5.56,62.08,kidneybeans
29.0,11.7,40.1,25.91,97.38,7.09,144.72,coconut
26.6,42.4,28.7,26.68,63.33,6.96,55.26,mothbeans
97.3,59.4,17.1,24.22,75.07,7.58,67.37,cotton
92.3,45.7,28.9,31.53,84.26,6.89,90.33,cotton
96.0,12.7,63.7,31.26,86.9,6.34,26.13,muskmelon
25.8,13.9,35.2,21.59,88.31,7.29,109.48,pomegranate
16.1,148.0,202.6,24.94,90.37,6.21,101.69,apple
104.2,94.5,60.2,24.62,78.68,6.47,100.66,banana
50.7,71.7,64.8,23.51,86.3,6.13,94.49,papaya
93.8,53.3,44.7,23.95,75.42,6.1,150.43,jute
99.4,36.9,38.6,25.15,82.61,7.21,198.32,jute
16.8,72.9,19.0,20.28,75.52,7.35,59.71,lentil
103.1,96.7,59.0,24.02,81.45,5.99,104.42,banana
76.3,49.6,44.1,30.29,82.21,6.17,184.13,jute
38.5,146.1,200.2,20.65,85.06,5.72,100.74,apple
87.2,28.4,46.6,27.42,65.65,6.9,69.93,watermelon
47.4,55.8,55.8,32.36,93.42,6.4,74.39,papaya
21.9,54.2,20.1,31.98,39.22,5.31,67.23,mothbeans
11.3,148.6,195.6,22.64,75.92,5.61,81.8,grapes
94.0,23.1,47.1,26.03,73.38,6.67,40.4,watermelon
105.2,95.4,50.9,25.54,88.59,6.4,178.12,banana
22.1,63.5,27.6,32.22,62.34,6.16,64.64,mungbean
36.5,60.3,20.4,29.5,40.95,3.9,58.06,mothbeans
31.2,141.8,201.0,18.84,91.48,6.41,112.5,apple
27.0,149.9,200.2,21.9,76.86,5.5,75.27,grapes
11.1,129.9,199.2,19.1,78.01,5.7,83.23,grapes
24.1,138.4,207.6,24.55,90.84,5.54,129.08,apple
28.2,5.5,14.0,25.38,88.19,7.54,129.14,orange
16.4,10.3,18.0,24.5,88.62,7.28,108.14,orange
16.7,13.2,33.0,29.65,95.66,7.35,122.54,coconut
84.8,46.0,47.9,29.46,78.03,6.12,187.27,rice
21.2,57.0,25.4,30.72,72.14,6.55,66.5,blackgram
58.7,54.0,48.3,23.92,88.15,6.59,68.67,papaya
29.0,73.0,78.9,18.0,29.86,6.1,96.12,chickpea
91.6,32.4,40.0,22.24,64.21,7.3,218.3,coffee
25.5,60.2,28.2,25.95,49.27,4.75,34.08,mothbeans
25.9,17.6,40.3,24.75,45.25,7.3,103.25,mango
24.2,38.2,24.4,24.97,64.51,8.57,45.61,mothbeans
119.3,31.7,34.6,26.79,56.95,7.18,165.66,coffee
39.4,74.4,29.0,22.25,57.37,6.8,166.08,pigeonpeas
31.4,67.5,17.7,21.89,76.95,7.22,40.29,lentil
22.6,70.5,20.7,20.64,63.44,7.49,54.15,lentil
15.4,83.0,27.1,23.37,62.8,6.98,78.2,lentil
109.7,32.5,32.4,22.07,58.66,7.38,198.48,coffee
38.9,42.2,19.9,26.84,77.31,6.23,57.81,mungbean
24.4,20.1,26.8,24.87,53.52,7.39,88.71,mango
26.6,17.7,41.8,23.05,87.41,6.25,119.44,pomegranate
32.1,72.3,21.4,17.76,30.37,5.73,101.54,kidneybeans
28.6,39.0,25.4,30.36,35.72,4.18,35.82,mothbeans
19.0,51.9,29.2,25.04,67.14,7.41,48.55,mungbean
95.4,54.7,34.9,28.52,77.13,6.52,75.63,cotton
74.9,53.3,36.8,31.17,92.17,6.36,262.63,rice
65.3,70.6,55.1,28.37,88.62,6.99,48.89,papaya
13.7,28.1,32.5,34.81,58.31,7.41,88.06,mango
83.9,26.9,59.9,26.41,88.41,6.97,25.94,muskmelon
61.7,46.9,46.6,25.88,90.14,6.41,43.59,papaya
36.1,69.6,20.0,22.92,24.03,5.68,111.3,kidneybeans
70.3,52.2,36.2,30.6,74.35,6.02,163.43,jute
17.6,22.2,37.0,24.42,90.78,5.54,157.08,coconut
20.3,74.9,21.2,19.02,32.69,6.4,114.55,kidneybeans
11.8,19.6,17.0,26.25,93.99,7.57,123.43,orange
92.6,55.5,46.0,23.91,85.99,6.18,156.24,jute
29.9,18.0,9.3,18.46,88.25,6.01,120.45,orange
29.5,57.3,25.1,25.65,42.34,4.32,35.19,mothbeans
18.5,140.5,196.2,24.1,91.71,6.15,116.78,apple
28.1,127.0,191.0,20.73,88.36,5.68,109.72,apple
13.9,19.2,6.2,30.62,85.81,7.83,114.72,orange
85.1,47.5,48.0,20.55,80.62,7.4,283.54,rice
99.5,45.0,32.1,23.5,83.92,6.77,106.32,cotton
95.8,41.6,15.9,24.41,71.91,7.58,78.32,cotton
23.2,20.2,27.2,29.25,99.24,5.82,179.71,coconut
28.1,63.6,89.7,24.69,27.07,6.15,63.02,chickpea
25.3,134.5,199.2,24.74,85.46,6.45,117.46,apple
23.9,55.3,27.6,25.32,88.21,7.34,76.07,blackgram
11.8,14.2,40.0,18.14,87.53,6.78,100.3,pomegranate
87.6,55.3,19.3,23.93,59.85,6.8,66.4,maize
57.5,54.8,57.3,22.68,85.99,6.7,69.45,papaya
36.7,82.8,21.3,15.51,15.79,6.07,83.57,kidneybeans
47.2,75.1,86.8,16.11,23.94,6.92,94.58,chickpea
28.5,57.6,15.9,19.48,50.5,6.13,115.71,pigeonpeas
73.9,54.9,30.9,26.34,55.87,6.3,69.14,maize
37.7,77.8,25.1,22.21,36.44,6.77,142.16,pigeonpeas
54.6,72.8,55.0,33.56,89.54,6.28,113.31,papaya
24.2,15.1,47.2,24.25,86.94,6.2,119.51,pomegranate
91.9,18.2,41.6,27.71,56.98,6.44,192.1,coffee
88.9,51.6,42.8,28.33,85.85,6.0,201.85,rice
117.1,85.9,60.1,26.39,86.19,5.7,129.69,banana
37.4,43.0,21.2,33.99,86.89,7.03,82.95,mungbean
26.3,29.1,48.5,24.36,90.12,6.54,109.3,pomegranate
32.9,53.1,19.5,29.11,66.53,7.45,46.53,mungbean
96.3,10.6,57.4,25.39,91.16,6.69,21.98,muskmelon
20.5,65.5,20.6,15.69,22.39,5.96,103.36,kidneybeans
18.6,38.1,21.3,30.36,34.95,4.35,55.74,mothbeans
19.8,24.1,29.1,32.31,54.03,7.42,90.43,mango
68.4,49.0,38.2,31.28,87.6,6.73,167.96,jute
108.9,52.5,27.7,29.17,65.38,5.76,77.97,cotton
96.3,70.3,48.4,28.53,84.18,6.29,120.31,banana
28.8,59.6,25.9,26.4,55.59,6.81,197.3,pigeonpeas
28.8,21.3,38.1,24.88,49.85,7.05,101.15,mango
36.3,40.9,28.1,26.82,55.29,5.57,66.24,mothbeans
34.0,55.5,23.4,28.79,75.2,6.84,69.4,blackgram
39.1,66.8,17.0,27.4,55.53,6.23,112.75,pigeonpeas
21.4,19.7,41.0,21.44,90.65,7.07,102.19,pomegranate
48.7,55.3,99.9,21.77,31.57,6.59,60.57,chickpea
60.4,34.1,48.0,30.49,86.95,6.7,249.76,rice
12.8,22.2,33.3,21.7,90.9,6.45,100.7,pomegranate
34.1,142.1,206.3,15.32,85.48,6.29,115.99,apple
34.7,56.7,20.5,30.06,76.81,7.09,70.65,blackgram
20.6,12.9,15.7,25.68,94.22,6.36,108.87,orange
21.5,57.2,82.1,17.95,19.65,6.56,92.14,chickpea
103.4,25.1,61.3,24.04,65.02,6.7,44.66,watermelon
95.9,48.2,30.2,21.22,88.27,5.51,174.12,rice
26.0,15.2,31.4,27.71,91.47,6.21,205.76,coconut
99.4,37.3,43.4,29.14,79.75,6.96,205.17,rice
30.2,73.8,24.6,21.29,76.61,7.47,67.95,lentil
96.5,26.2,39.3,18.3,55.81,6.91,175.02,coffee
26.9,64.8,26.6,27.11,75.04,6.35,60.48,mungbean
114.4,82.1,59.0,27.57,87.79,5.82,141.89,banana
30.9,65.7,17.2,26.35,58.5,5.65,104.55,pigeonpeas
25.0,59.5,22.6,33.02,73.25,6.74,85.46,blackgram
15.2,69.5,16.8,22.31,62.41,4.99,196.24,pigeonpeas
28.0,73.0,78.9,22.14,30.18,6.21,80.55,chickpea
23.4,79.8,15.0,22.31,38.44,5.2,97.5,pigeonpeas
19.1,9.6,32.4,28.18,90.53,6.93,174.33,coconut
27.9,59.8,16.3,15.19,18.31,6.39,74.49,kidneybeans
81.3,46.2,42.7,28.71,94.52,6.53,198.44,rice
87.6,31.2,46.0,27.53,76.64,7.25,288.13,rice
37.1,61.6,22.0,19.7,86.21,7.03,58.09,lentil
104.9,87.6,50.6,31.1,79.56,5.95,143.5,banana
92.5,85.4,56.8,29.9,84.84,6.11,132.94,banana
31.5,75.6,16.8,24.39,18.62,6.12,73.36,kidneybeans
71.9,63.2,20.2,21.87,71.82,7.18,71.17,maize
10.8,8.3,14.1,19.2,87.59,7.75,115.45,orange
25.7,49.1,28.9,29.13,40.91,6.91,32.64,mothbeans
30.6,56.7,15.4,29.5,69.98,6.66,67.88,blackgram
77.8,52.4,43.1,25.88,74.86,6.51,189.83,jute
20.5,5.2,21.6,26.97,91.62,6.14,110.86,orange
39.2,68.4,22.5,17.47,24.42,6.16,105.07,kidneybeans
32.6,68.5,16.5,32.08,60.94,7.31,64.16,blackgram
33.4,45.2,53.2,30.19,88.32,6.84,97.33,papaya
16.8,83.6,18.3,34.22,72.78,7.48,76.62,blackgram
28.1,138.7,205.2,23.41,92.62,5.85,129.9,apple
42.6,68.4,58.4,31.51,93.12,6.78,94.57,papaya
49.6,74.0,64.0,34.79,93.66,6.91,57.38,papaya
86.8,51.2,34.4,29.83,71.74,6.73,150.5,jute
30.7,147.4,190.7,17.44,86.94,6.0,112.89,apple
93.9,25.0,49.4,25.76,73.94,6.95,69.71,watermelon
119.3,15.1,37.7,25.39,68.36,7.33,208.94,coffee
17.8,63.0,17.8,27.53,72.2,6.57,79.73,mungbean
35.4,131.2,207.0,16.63,87.71,5.54,110.93,apple
18.5,73.7,25.9,34.32,68.37,7.43,61.9,blackgram
28.7,67.1,22.8,31.95,34.73,6.53,133.56,pigeonpeas
14.7,20.4,33.4,20.14,88.21,6.24,104.1,pomegranate
16.6,40.6,15.5,29.95,55.32,4.38,63.44,mothbeans
23.3,52.4,28.3,28.55,52.11,6.87,32.05,mothbeans
60.9,48.4,34.4,28.02,79.33,6.86,177.55,jute
28.8,9.0,5.8,23.3,89.51,6.66,128.73,orange
27.8,62.6,28.6,26.57,71.0,6.93,47.97,mungbean
23.1,133.4,196.9,31.72,82.58,5.82,63.09,grapes
90.9,47.0,45.8,23.66,73.83,6.83,197.35,jute
82.0,36.3,27.7,26.56,65.04,7.14,113.05,maize
38.5,79.6,29.8,17.6,34.39,5.93,80.85,kidneybeans
28.6,18.0,28.8,26.13,93.84,6.75,164.0,coconut
20.5,9.1,7.4,23.69,85.79,7.17,100.94,orange
23.0,59.9,26.7,19.71,52.22,4.87,97.76,pigeonpeas
119.6,58.8,27.6,27.2,84.41,7.24,107.24,cotton
18.4,145.0,190.4,17.24,84.91,5.78,89.27,grapes
87.9,18.2,34.5,25.63,69.94,7.18,211.39,coffee
24.1,13.8,41.1,19.77,94.56,6.04,103.99,pomegranate
45.0,55.6,61.5,22.12,92.98,6.57,118.89,papaya
103.8,59.8,23.5,24.52,84.67,6.26,76.19,cotton
36.7,77.4,27.9,29.95,63.93,7.04,66.18,blackgram
20.7,72.5,20.6,19.49,76.12,5.91,42.01,lentil
32.9,131.2,203.6,22.13,94.35,5.56,105.77,apple
30.1,51.8,22.3,30.05,65.29,7.22,67.09,mungbean
21.9,20.5,15.1,23.66,92.25,7.0,118.25,orange
89.8,41.1,34.2,21.31,58.17,5.8,78.34,maize
25.7,72.9,30.0,22.69,22.96,6.33,70.24,kidneybeans
15.8,61.1,20.1,20.11,27.3,6.41,90.59,kidneybeans
26.0,133.6,206.3,25.67,78.38,6.16,81.53,grapes
31.9,36.9,23.9,29.92,37.38,8.97,31.21,mothbeans
38.5,62.8,27.8,33.63,83.18,6.25,84.65,blackgram
28.1,84.0,86.7,18.47,26.61,6.28,77.76,chickpea
117.7,41.9,24.9,30.84,66.56,5.64,71.67,cotton
62.6,63.6,64.2,25.28,85.71,6.49,46.84,papaya
85.6,19.1,60.0,26.25,55.4,6.54,68.7,watermelon
31.3,58.5,23.0,29.37,68.04,6.91,86.14,blackgram
56.9,70.0,62.1,24.24,89.86,6.73,101.92,papaya
32.0,83.0,30.0,28.08,40.05,7.14,95.41,pigeonpeas
20.5,8.5,43.3,31.43,96.83,5.54,173.71,coconut
37.0,68.0,21.2,15.36,74.94,6.61,60.15,lentil
28.2,65.4,22.8,21.55,72.55,6.93,73.76,lentil
104.0,41.3,33.5,22.54,82.31,6.78,90.95,cotton
88.9,48.3,44.6,23.85,80.57,6.44,198.63,jute
36.2,57.4,57.6,32.17,91.85,6.67,51.92,papaya
68.5,61.0,52.6,31.91,90.25,6.01,98.9,papaya
104.2,13.8,49.2,26.72,61.36,6.96,63.67,watermelon
37.5,66.6,58.4,31.73,86.89,6.16,58.92,papaya
91.2,38.2,30.2,22.87,74.07,6.18,97.96,maize
10.9,15.2,33.3,31.72,95.99,6.77,191.33,coconut
35.0,67.3,18.5,29.06,84.79,6.34,75.73,blackgram
91.8,14.0,46.4,30.18,59.99,6.61,60.63,watermelon
73.3,35.8,42.2,28.12,71.94,6.89,199.93,jute
30.2,55.9,48.4,31.85,85.51,6.55,63.59,papaya
27.9,24.7,27.5,28.88,99.96,6.69,198.59,coconut
11.9,21.4,32.7,30.85,48.16,7.22,97.9,mango
104.6,47.8,29.3,28.46,68.7,6.02,72.55,cotton
24.0,69.3,20.5,31.41,87.04,6.25,71.44,blackgram
91.7,18.4,64.4,29.56,69.38,6.56,69.24,watermelon
10.6,15.7,23.5,25.14,94.72,6.27,117.05,orange
70.9,47.4,17.4,19.63,67.03,5.86,91.51,maize
47.9,67.2,97.2,18.21,24.53,6.45,85.62,chickpea
23.8,5.7,21.5,19.84,89.46,6.62,108.06,orange
25.2,59.8,24.8,24.71,26.24,6.21,64.11,kidneybeans
20.9,13.2,7.2,21.69,92.34,7.84,107.55,orange
24.9,129.5,191.9,19.33,88.38,5.62,108.88,apple
76.7,55.7,39.3,25.66,85.5,7.28,171.02,jute
38.8,69.7,82.1,24.94,32.61,7.25,82.78,chickpea
45.9,73.4,50.0,34.24,94.54,6.88,85.09,papaya
23.7,61.9,29.5,27.55,41.23,6.92,57.51,mothbeans
103.6,28.0,49.4,29.38,88.92,6.99,24.79,muskmelon
50.0,48.8,61.1,30.02,86.35,6.37,104.83,papaya
29.5,84.7,26.4,19.42,29.15,5.89,73.73,kidneybeans
102.1,36.2,20.5,26.01,74.56,6.86,73.75,cotton
35.8,54.2,60.3,25.97,89.08,6.3,46.42,papaya
23.9,56.6,15.5,19.23,16.69,6.11,112.86,kidneybeans
86.9,27.0,47.8,28.64,72.76,6.47,62.4,watermelon
82.7,57.2,32.6,21.64,58.18,6.84,108.47,maize
27.4,23.3,36.8,22.79,85.2,7.1,109.74,pomegranate
13.2,27.2,44.8,28.55,97.75,7.22,190.1,coconut
38.3,55.6,17.3,30.41,46.05,6.19,162.93,pigeonpeas
88.7,55.8,34.8,19.16,52.6,6.95,94.7,maize
48.7,70.7,79.0,15.77,25.01,7.59,88.28,chickpea
67.6,45.5,41.8,28.43,75.84,7.38,195.75,jute
31.0,42.1,25.7,30.99,34.44,9.13,53.74,mothbeans
82.4,53.1,28.5,25.24,56.75,7.15,89.9,maize
100.4,19.8,45.8,29.59,93.42,6.72,28.3,muskmelon
92.7,86.6,59.6,22.42,75.17,5.96,110.55,banana
106.8,24.5,54.3,25.61,85.57,6.37,24.64,muskmelon
22.7,58.9,18.0,20.88,61.92,7.22,78.27,lentil
29.3,12.3,6.2,30.26,85.38,7.91,119.94,orange
30.8,74.7,77.2,16.92,33.36,6.2,80.24,chickpea
24.1,7.4,16.8,31.47,86.57,7.71,121.08,orange
16.3,149.9,204.7,15.87,85.2,6.22,113.18,apple
10.2,27.0,33.9,31.45,94.96,6.89,126.93,coconut
64.1,35.1,36.3,24.33,74.4,6.02,161.36,jute
37.3,37.4,20.0,25.99,64.58,6.03,59.3,mothbeans
45.0,66.5,52.9,25.02,88.43,6.07,66.54,papaya
92.9,21.7,39.0,22.74,60.35,6.89,203.82,coffee
20.5,39.9,21.1,31.41,54.86,6.22,50.69,mothbeans
67.4,59.1,45.5,31.27,92.9,6.7,288.28,rice
39.2,77.6,27.2,25.33,74.04,6.97,84.9,blackgram
27.2,12.5,41.3,18.99,92.05,7.36,108.69,pomegranate
22.7,74.9,25.0,27.86,73.8,6.29,66.31,blackgram
21.6,84.2,76.8,18.04,21.08,6.46,60.06,chickpea
31.6,67.2,19.2,32.31,67.27,6.26,75.9,blackgram
23.0,37.8,21.4,26.29,88.43,6.71,55.86,mungbean
80.8,11.8,50.7,31.78,66.17,6.37,66.66,watermelon
16.8,43.3,19.9,34.45,68.48,6.69,73.57,mungbean
80.8,45.1,31.6,21.88,56.22,6.73,102.41,maize
98.6,27.1,26.9,26.84,60.88,6.06,214.39,coffee
20.5,67.9,24.8,32.27,60.02,7.41,64.94,blackgram
37.3,48.5,21.9,24.62,53.48,8.84,39.79,mothbeans
14.7,133.3,193.1,26.92,77.51,5.83,74.14,grapes
64.0,49.2,45.6,34.15,86.48,6.81,105.86,papaya
92.1,48.7,24.7,19.2,52.02,6.96,89.79,maize
97.0,39.5,48.1,25.81,72.6,7.24,150.12,jute
86.5,51.7,29.6,22.19,51.5,6.62,117.46,maize
20.0,14.6,35.8,27.04,93.6,6.43,147.6,coconut
29.3,134.8,204.7,20.67,87.72,5.65,118.18,apple
28.0,73.2,29.4,20.89,74.14,6.65,76.76,lentil
63.2,45.7,38.2,31.79,77.24,6.3,295.42,rice
23.1,22.7,41.7,34.45,61.11,6.26,111.55,mango
115.0,18.1,41.5,20.55,58.55,7.35,181.82,coffee
24.5,121.3,196.7,18.91,94.9,5.71,116.34,apple
112.1,19.7,34.4,27.16,61.72,6.32,169.89,coffee
18.6,34.4,27.8,30.46,49.02,7.08,111.35,mango
20.0,55.3,24.4,28.16,89.19,6.29,70.37,blackgram
79.4,55.1,35.9,23.87,80.41,6.79,189.86,jute
98.7,36.4,41.8,29.13,89.72,7.41,185.62,jute
14.9,31.7,37.3,34.05,49.64,5.74,80.24,mango
91.3,40.2,35.7,27.44,78.99,6.78,177.24,jute
68.1,34.9,33.3,29.77,88.3,6.55,203.82,rice
17.0,14.1,8.0,21.88,86.03,7.07,102.94,orange
29.5,57.3,29.2,18.65,87.38,7.06,68.99,lentil
22.9,56.9,28.1,34.39,84.15,7.28,67.53,mungbean
18.4,18.8,42.7,23.42,85.34,6.89,103.73,pomegranate
34.2,72.9,20.1,27.63,63.66,6.76,77.56,blackgram
88.8,42.3,31.0,31.12,79.66,6.42,185.82,jute
41.1,67.7,80.4,18.98,20.29,6.41,79.32,chickpea
44.0,67.0,63.8,23.21,88.06,6.46,79.84,papaya
36.7,60.4,29.2,21.06,41.42,6.77,133.31,pigeonpeas
83.8,49.9,34.8,19.23,67.38,6.31,85.69,maize
32.7,69.7,18.9,33.85,77.31,6.33,68.07,blackgram
16.2,43.1,24.8,30.34,88.32,6.59,74.69,mungbean
26.2,60.1,23.6,34.99,68.61,6.42,47.99,mungbean
12.8,19.7,22.3,24.12,87.89,6.7,110.29,orange
21.6,146.0,209.1,28.51,80.49,5.5,61.2,grapes
18.8,145.7,193.3,20.31,79.45,6.21,71.28,grapes
102.9,13.4,57.6,24.69,73.94,6.29,46.79,watermelon
16.7,65.0,15.4,33.35,70.96,7.26,67.73,mungbean
26.6,10.8,30.5,20.61,86.49,6.84,118.35,pomegranate
107.2,96.2,53.6,26.13,86.46,6.08,105.68,banana
26.3,19.0,36.5,21.3,93.19,6.19,117.15,pomegranate
33.7,43.2,16.8,27.52,87.62,6.87,66.67,mungbean
23.4,75.9,25.5,22.04,74.78,7.33,57.01,lentil
38.4,44.3,28.0,32.64,67.43,6.05,45.09,mungbean
99.4,80.6,62.8,23.66,77.24,6.08,152.6,banana
13.1,34.2,25.8,34.75,45.09,7.25,92.29,mango
65.3,51.8,62.9,26.44,88.09,6.73,64.38,papaya
36.8,73.9,23.0,16.15,27.11,5.62,80.23,kidneybeans
31.5,48.0,27.3,34.06,63.59,6.8,54.23,mungbean
21.8,80.0,29.7,19.94,60.29,5.78,49.49,lentil
26.0,56.3,28.8,19.7,60.87,6.88,56.68,lentil
97.9,55.5,41.0,30.87,89.79,6.92,180.64,jute
22.8,68.8,25.1,20.42,85.3,7.02,37.62,lentil
86.4,30.0,39.2,20.04,66.94,6.42,205.51,coffee
68.6,73.4,58.7,32.37,86.76,6.72,89.44,papaya
19.3,126.4,200.6,16.77,91.35,5.79,123.75,apple
73.0,46.0,22.9,24.26,59.71,6.4,74.25,maize
72.4,39.8,44.6,27.65,92.74,6.44,167.94,rice
116.7,32.9,43.2,25.4,52.14,6.66,159.2,coffee
34.6,48.3,22.3,32.78,71.47,6.66,58.81,mungbean
47.6,75.8,91.9,23.62,20.48,7.61,67.81,chickpea
16.3,49.9,16.8,27.21,42.27,8.52,62.13,mothbeans
14.0,125.6,195.1,21.1,78.6,5.92,62.97,grapes
28.5,24.8,16.6,16.85,89.59,7.58,100.83,orange
111.2,57.3,29.6,26.1,77.63,6.94,81.08,cotton
25.3,142.4,194.9,29.58,82.48,5.9,66.31,grapes
11.1,144.5,206.5,19.74,78.24,5.98,77.9,grapes
24.1,83.1,19.1,22.65,54.53,6.8,192.23,pigeonpeas
105.9,43.5,22.0,24.71,77.04,7.82,102.83,cotton
90.4,15.5,27.8,22.4,55.64,7.15,157.47,coffee
11.0,15.2,25.4,24.09,47.21,5.98,88.85,mango
30.2,73.1,27.4,19.25,68.26,6.03,59.13,lentil
94.3,79.0,49.3,22.38,75.65,6.37,154.27,banana
93.5,14.8,45.0,28.48,66.81,6.97,50.84,watermelon
25.5,68.8,25.9,20.74,28.34,6.28,111.73,kidneybeans
29.6,83.2,17.6,24.6,33.2,6.38,150.56,pigeonpeas
22.6,67.1,25.1,21.82,21.3,5.63,97.94,kidneybeans
11.3,18.2,30.5,30.37,90.08,7.19,215.48,coconut
90.5,27.8,44.1,24.86,68.53,7.18,200.95,coffee
75.8,48.8,35.9,31.86,75.83,6.66,155.16,jute
24.1,48.0,24.3,25.74,75.11,6.27,68.7,mungbean
100.5,57.7,15.7,27.51,84.39,7.95,74.09,cotton
15.0,81.1,26.9,21.27,30.01,5.65,87.5,kidneybeans
29.3,146.1,202.9,24.46,87.81,6.1,120.7,apple
19.3,46.5,20.2,27.45,57.36,6.65,61.76,mothbeans
24.8,75.9,17.9,21.42,20.2,6.39,113.74,kidneybeans
114.8,19.4,34.1,26.52,66.48,7.34,215.83,coffee
100.1,56.5,24.7,28.27,75.09,7.92,94.61,cotton
20.0,70.3,17.4,21.71,82.62,5.72,56.05,lentil
13.4,23.1,9.0,31.82,85.07,6.53,106.0,orange
92.0,85.9,53.2,24.74,76.97,6.32,179.69,banana
54.5,59.0,61.2,31.98,90.05,6.85,100.09,papaya
29.8,28.3,38.6,24.42,57.11,6.47,84.23,mango
78.1,45.7,38.8,24.81,86.19,5.81,177.29,rice
104.6,39.4,32.4,24.84,80.66,7.18,89.9,cotton
51.3,46.1,64.0,25.58,85.16,6.08,86.42,papaya
88.4,38.2,26.3,20.31,74.07,6.47,108.36,maize
28.4,55.3,25.2,29.03,39.31,3.75,48.22,mothbeans
106.4,19.9,43.8,18.11,50.12,6.76,184.16,coffee
45.6,68.2,95.4,23.93,16.25,7.77,77.93,chickpea
81.3,31.6,36.7,21.61,76.27,7.48,198.35,rice
100.8,35.1,30.6,28.99,67.57,7.96,90.4,cotton
28.8,67.1,27.5,23.15,27.24,5.87,75.32,kidneybeans
97.2,16.6,61.4,25.47,64.29,6.01,54.45,watermelon
13.6,148.8,202.8,31.94,80.4,5.91,89.32,grapes
60.8,37.5,34.4,20.66,69.23,6.75,82.92,maize
87.4,35.6,31.1,27.79,73.82,6.95,177.61,jute
91.3,51.9,23.2,29.73,73.08,7.21,65.07,cotton
111.3,36.2,16.0,28.08,77.84,7.16,78.59,cotton
63.2,66.3,64.3,29.43,85.85,6.6,94.93,papaya
25.1,75.4,16.0,20.94,83.16,7.16,42.67,lentil
64.9,41.6,46.7,31.13,80.78,6.05,196.35,jute
92.8,34.2,36.8,25.87,50.91,6.16,207.02,coffee
48.4,73.7,51.3,33.73,87.29,6.19,81.52,papaya
24.0,22.5,33.8,21.29,92.2,6.79,107.91,pomegranate
28.7,124.1,199.8,20.18,82.55,6.22,64.23,grapes
26.4,24.3,8.6,25.11,89.27,6.67,116.97,orange
106.4,56.3,32.2,31.36,80.69,7.13,81.68,cotton
109.7,21.9,53.0,30.85,92.3,6.75,21.96,muskmelon
32.2,73.2,56.2,30.56,88.68,6.78,53.33,papaya
38.8,64.8,20.3,20.06,33.82,6.38,66.15,kidneybeans
24.8,62.0,18.3,24.6,27.33,6.06,84.95,kidneybeans
83.6,51.3,30.5,27.94,81.9,6.31,160.42,jute
30.6,35.3,17.9,29.91,88.52,6.58,61.22,mungbean
21.6,62.1,19.8,30.52,61.52,6.07,76.02,mungbean
98.9,21.6,64.7,31.1,63.22,6.37,48.91,watermelon
17.0,19.7,37.3,29.6,64.83,7.47,105.4,mango
39.5,77.2,79.5,21.45,22.9,7.43,67.97,chickpea
67.0,58.0,32.2,30.8,80.88,6.06,173.22,jute
26.6,62.6,22.6,15.3,63.95,7.27,68.83,lentil
36.4,71.8,50.9,31.5,92.8,6.96,79.88,papaya
15.2,37.5,27.1,32.71,87.45,7.28,74.16,mungbean
83.3,23.8,29.7,27.84,60.85,6.99,169.52,coffee
29.2,65.6,20.7,29.12,81.83,6.68,85.7,blackgram
43.8,46.3,59.4,34.38,87.64,6.09,78.05,papaya
106.2,20.5,45.4,29.73,57.2,6.79,45.04,watermelon
18.4,83.6,19.9,27.27,56.31,6.94,194.03,pigeonpeas
82.9,49.0,39.0,23.52,81.57,6.85,262.86,rice
18.5,14.8,34.3,24.61,95.53,6.16,132.14,coconut
99.7,62.7,32.7,26.05,65.77,5.62,74.2,cotton
26.2,68.2,16.4,22.19,66.41,5.89,53.57,lentil
94.4,23.2,41.7,23.13,64.62,6.03,182.51,coffee
13.5,32.5,39.9,31.25,53.14,6.02,119.18,mango
37.1,47.5,62.6,33.9,87.76,6.38,92.82,papaya
22.8,14.1,14.2,15.28,86.74,6.98,124.68,orange
15.5,5.4,36.1,28.63,94.27,5.64,209.33,coconut
97.2,92.8,52.4,24.44,85.94,5.92,178.51,banana
21.7,61.0,26.8,30.73,42.96,6.75,188.67,pigeonpeas
85.9,52.5,33.5,31.75,82.31,6.25,151.03,jute
17.1,64.5,25.0,26.28,50.5,4.21,68.63,mothbeans
15.8,74.8,23.0,16.03,18.45,6.07,77.78,kidneybeans
99.8,44.6,21.5,28.73,75.62,6.46,67.45,cotton
108.4,71.4,53.2,29.05,78.4,6.3,150.46,banana
86.7,48.9,37.0,31.02,71.63,6.7,188.78,jute
90.9,22.6,58.5,26.47,93.37,6.29,21.87,muskmelon
30.3,72.6,23.2,31.4,67.78,6.13,63.58,blackgram
27.0,66.2,22.4,30.79,65.67,7.35,80.23,blackgram
37.6,127.0,194.0,15.06,92.07,6.44,105.61,apple
38.5,74.3,59.5,33.9,88.04,6.74,97.12,papaya
24.7,135.4,206.3,29.44,81.15,5.65,85.08,grapes
18.9,16.7,30.7,32.6,48.03,6.79,116.7,mango
58.3,48.9,58.3,33.56,89.26,6.41,75.43,papaya
31.3,74.6,29.3,15.03,67.44,7.36,76.95,lentil
73.3,39.4,45.4,26.6,80.12,6.97,195.48,jute
23.2,66.7,18.9,18.43,72.32,6.94,58.02,lentil
117.3,26.4,31.0,27.97,63.62,6.61,189.19,coffee
81.6,10.8,53.6,24.5,70.78,6.53,40.87,watermelon
32.3,122.8,208.8,23.27,93.58,6.41,112.26,apple
29.6,79.5,29.8,28.89,61.42,7.2,78.13,blackgram
110.7,80.9,59.7,23.04,86.84,6.03,123.38,banana
27.6,76.3,18.7,28.24,70.03,6.04,70.23,blackgram
77.9,53.0,25.3,26.27,62.42,7.48,111.09,maize
27.2,73.1,19.9,34.84,80.02,6.07,69.8,blackgram
94.2,25.1,62.6,31.71,61.49,6.8,46.32,watermelon
81.4,13.0,52.0,30.81,93.93,6.19,26.2,muskmelon
63.2,50.1,47.0,23.43,86.0,6.59,157.97,jute
73.9,55.3,26.3,20.4,71.97,7.09,99.51,maize
17.4,65.0,20.6,17.14,77.55,6.39,36.54,lentil
66.0,44.7,29.7,22.28,59.4,6.29,87.57,maize
103.2,36.9,32.5,27.69,72.7,5.78,107.34,cotton
20.0,123.1,194.0,24.59,83.88,6.07,80.45,grapes
16.3,58.5,27.7,32.99,75.25,6.35,82.27,mungbean
25.0,12.7,31.3,24.83,94.57,6.09,108.87,pomegranate
28.7,22.3,10.7,17.67,89.49,6.71,120.47,orange
22.1,19.5,47.3,18.22,91.44,7.14,115.19,pomegranate
29.6,75.2,27.1,21.59,71.94,6.53,71.14,lentil
56.9,46.3,49.4,27.92,88.31,6.71,80.89,papaya
86.8,54.5,44.5,31.57,84.76,7.04,163.09,jute
33.9,143.7,192.1,23.36,89.08,5.76,117.27,apple
52.7,48.3,52.5,25.16,90.17,6.84,74.9,papaya
17.2,18.6,38.1,28.96,97.05,5.66,155.56,coconut
30.5,76.6,16.7,18.5,64.8,5.2,95.92,pigeonpeas
81.7,38.6,41.8,20.37,75.75,7.15,204.03,rice
23.0,124.5,206.2,22.6,89.84,6.04,101.79,apple
30.8,142.9,205.6,22.7,87.26,6.48,129.86,apple
36.9,61.0,16.2,22.88,85.06,5.83,73.45,lentil
77.3,44.4,25.1,21.96,52.64,6.78,72.96,maize
21.6,81.5,28.4,26.96,78.42,6.13,71.75,blackgram
16.5,148.8,193.7,21.22,80.1,6.36,72.5,grapes
34.5,62.6,27.4,32.04,88.37,6.61,79.86,blackgram
98.7,59.0,20.9,26.82,65.05,6.66,104.88,maize
19.7,29.9,38.5,24.55,91.18,7.33,183.01,coconut
30.1,53.9,21.3,25.15,33.27,3.61,64.94,mothbeans
58.0,57.2,56.0,34.25,86.66,6.29,52.16,papaya
24.3,66.6,16.4,24.15,62.73,6.8,53.59,lentil
20.7,11.3,9.5,23.6,91.06,6.02,123.41,orange
33.4,64.0,22.0,30.99,65.14,7.11,69.08,blackgram
44.7,80.7,97.5,19.31,21.38,7.16,74.85,chickpea
17.6,79.4,15.6,21.59,68.18,7.24,56.82,lentil
32.3,74.8,15.6,23.16,64.27,5.76,145.21,pigeonpeas
109.7,14.9,49.0,28.69,90.37,6.44,27.72,muskmelon
34.9,63.2,25.4,17.64,33.78,6.14,79.47,kidneybeans
45.5,60.1,51.6,30.62,94.95,6.03,111.99,papaya
39.7,143.8,209.9,24.68,89.9,6.2,103.31,apple
21.0,14.6,44.9,21.72,93.09,7.17,104.3,pomegranate
22.3,48.4,25.9,29.54,64.56,4.96,56.49,mothbeans
28.6,14.0,41.1,27.99,93.97,7.38,171.04,coconut
101.6,21.5,34.6,23.12,58.01,7.39,202.07,coffee
35.4,54.4,51.4,31.11,86.14,6.83,100.88,papaya
27.6,27.8,49.2,24.07,85.02,6.57,116.37,pomegranate
96.3,29.1,62.7,25.36,64.46,6.97,51.17,watermelon
20.8,62.9,15.6,26.23,89.59,6.47,63.46,blackgram
106.3,16.3,32.8,20.79,61.56,6.78,183.68,coffee
31.4,127.6,198.6,15.57,90.88,6.26,112.4,apple
17.4,55.4,17.4,24.96,65.4,6.51,73.18,lentil
18.7,14.8,35.0,28.23,96.92,6.92,157.76,coconut
29.3,72.0,28.2,25.81,63.59,4.65,100.78,pigeonpeas
46.7,73.1,94.8,24.84,20.77,7.92,75.58,chickpea
105.8,27.4,54.4,28.6,93.36,6.74,22.65,muskmelon
17.5,22.9,5.3,26.88,94.55,7.41,129.82,orange
34.5,35.6,19.9,31.28,68.26,7.36,71.69,mungbean
12.1,8.3,26.2,24.7,94.32,6.14,190.66,coconut
13.1,11.7,42.8,21.3,94.08,6.54,105.74,pomegranate
35.7,64.0,28.3,31.01,75.9,6.04,52.33,mungbean
87.3,10.8,64.7,26.72,61.24,6.91,57.55,watermelon
22.9,66.8,18.6,19.36,36.27,6.89,164.53,pigeonpeas
46.1,60.9,47.5,29.02,91.11,7.0,118.02,papaya
46.3,77.2,70.4,17.48,19.29,6.54,69.9,chickpea
27.9,72.4,29.0,27.41,46.84,6.93,194.56,pigeonpeas
14.1,5.6,15.3,16.44,89.69,7.87,121.59,orange
26.5,19.9,17.7,26.54,93.06,7.32,109.83,orange
102.7,74.5,54.4,30.31,75.23,5.77,100.2,banana
14.4,24.1,45.7,21.19,91.98,6.58,103.2,pomegranate
116.8,42.7,23.4,30.35,80.42,7.53,85.92,cotton
113.1,18.5,33.3,25.71,69.6,7.43,212.96,coffee
96.0,33.4,32.2,26.56,68.06,6.75,181.29,coffee
48.9,82.3,91.7,20.33,32.4,6.26,91.62,chickpea
17.0,72.0,28.6,23.55,40.37,4.93,106.66,pigeonpeas
24.1,73.3,25.4,28.42,63.24,6.1,77.67,blackgram
15.6,148.3,207.7,16.68,80.17,5.73,72.32,grapes
96.3,17.4,58.9,27.81,71.72,6.68,60.54,watermelon
90.2,33.1,48.1,26.06,91.53,6.14,284.33,rice
15.3,20.3,41.5,24.48,91.45,6.62,118.61,pomegranate
62.4,52.6,46.4,28.95,70.26,6.27,167.11,jute
26.5,18.2,8.3,27.48,92.27,6.85,127.74,orange
16.8,14.5,44.5,24.05,99.86,7.46,219.62,coconut
103.6,16.7,62.6,28.92,71.45,6.55,46.55,watermelon
23.3,137.5,199.8,18.73,83.95,5.75,62.74,grapes
18.6,147.1,191.7,23.23,86.52,5.54,121.58,apple
24.2,83.8,27.3,23.54,65.17,6.04,47.85,lentil
16.3,15.2,30.8,22.08,87.3,6.22,113.08,pomegranate
10.1,16.1,32.2,21.31,91.77,7.31,114.98,pomegranate
38.7,67.0,26.7,17.66,34.81,5.53,96.21,kidneybeans
36.1,66.9,15.8,23.63,53.58,5.85,172.39,pigeonpeas
101.3,17.8,61.8,29.42,68.96,6.54,66.56,watermelon
48.4,69.9,81.4,16.63,30.72,7.47,75.37,chickpea
18.7,57.2,27.2,32.52,82.6,7.07,80.08,blackgram
19.5,63.1,18.0,21.46,40.72,6.17,154.68,pigeonpeas
87.4,34.9,48.2,29.87,94.0,6.95,242.01,rice
14.6,28.0,46.7,21.87,91.16,6.71,107.83,pomegranate
25.0,84.4,18.4,21.12,72.99,5.64,56.95,lentil
27.7,69.3,19.1,25.29,78.15,6.59,68.96,blackgram
35.9,42.9,21.7,30.38,79.91,7.18,59.74,mungbean
26.1,56.5,27.3,29.57,50.58,5.56,177.98,pigeonpeas
85.7,21.4,61.3,30.15,71.06,6.88,68.13,watermelon
19.5,59.7,27.4,15.42,23.38,5.67,112.76,kidneybeans
12.2,5.7,17.2,31.13,94.9,6.97,114.04,orange
102.1,35.8,27.1,24.9,73.66,6.72,63.23,cotton
77.1,35.6,31.3,28.84,89.3,6.83,175.34,jute
25.7,49.1,17.4,25.31,88.41,6.36,52.0,mungbean
74.2,36.2,30.3,27.29,71.91,6.29,192.34,jute
15.4,20.2,38.8,21.59,91.73,6.58,105.03,pomegranate
85.0,45.3,34.7,27.63,85.95,7.25,192.33,jute
108.7,34.6,41.1,20.76,64.19,7.14,201.08,coffee
27.9,146.0,207.8,20.4,75.35,5.76,68.36,grapes
42.1,81.5,76.1,20.88,29.02,7.36,76.33,chickpea
21.8,69.6,16.2,19.6,21.13,6.32,63.42,kidneybeans
39.9,77.5,24.7,28.55,61.47,6.05,76.63,blackgram
37.5,78.8,25.1,21.8,33.92,5.8,60.07,kidneybeans
99.6,32.4,42.1,26.16,51.23,6.37,211.29,coffee
22.1,67.0,27.2,18.19,52.73,6.51,177.85,pigeonpeas
99.2,38.1,37.5,31.39,87.54,6.59,184.95,jute
52.0,66.2,58.7,28.7,89.64,6.4,108.95,papaya
112.1,43.2,34.9,23.83,69.29,6.22,108.77,cotton
94.0,97.7,63.7,24.42,86.97,5.93,173.4,banana
85.6,20.8,50.6,26.59,62.03,6.06,69.58,watermelon
16.9,55.1,25.1,26.99,44.38,5.97,135.7,pigeonpeas
102.3,89.5,48.1,28.47,77.74,6.25,127.13,banana
24.9,77.3,23.7,28.88,65.12,6.34,77.27,blackgram
35.4,78.3,26.4,16.88,16.77,6.2,82.1,kidneybeans
88.1,45.4,42.0,26.87,79.31,7.33,158.05,jute
12.5,6.3,40.4,29.33,94.99,6.44,169.74,coconut
28.6,131.5,190.0,22.32,92.52,6.25,110.35,apple
94.4,50.3,33.4,30.6,84.38,7.13,93.79,cotton
92.9,16.6,53.2,29.22,95.0,6.49,22.08,muskmelon
37.7,133.2,204.9,24.3,94.08,5.56,106.17,apple
26.5,50.0,16.1,29.48,47.61,8.47,49.41,mothbeans
89.1,70.7,52.7,23.42,85.66,6.16,103.52,banana
15.3,76.5,25.6,21.23,34.8,5.81,80.4,kidneybeans
101.7,26.3,62.1,25.54,88.43,6.69,24.99,muskmelon
77.4,42.0,42.3,27.62,75.91,6.25,243.88,rice
28.0,37.2,24.4,26.03,58.13,8.82,69.16,mothbeans
28.9,83.4,21.2,28.27,78.2,7.4,85.11,blackgram
30.0,60.0,20.7,26.64,63.94,6.68,191.49,pigeonpeas
28.1,18.2,40.5,21.34,89.48,7.16,110.54,pomegranate
87.8,81.7,63.9,24.47,85.03,6.24,135.85,banana
18.8,18.9,17.7,16.95,92.81,7.44,119.68,orange
106.2,89.2,49.2,22.3,81.5,6.07,170.13,banana
18.1,15.3,36.8,24.14,45.02,6.73,87.56,mango
21.1,141.4,200.4,21.83,87.69,6.1,113.32,apple
96.6,91.8,61.0,31.45,84.13,5.75,173.93,banana
11.6,18.9,12.6,17.25,93.62,7.23,110.64,orange
31.2,149.0,200.2,24.87,88.02,5.53,104.97,apple
37.3,121.2,191.4,18.25,87.33,5.76,106.64,apple
86.9,80.7,50.8,28.15,88.54,6.46,152.29,banana
33.5,57.3,55.9,28.01,94.01,6.91,105.75,papaya
44.9,63.5,56.5,27.13,88.07,6.41,85.91,papaya
19.4,143.6,206.7,20.45,90.54,6.13,113.17,apple
14.3,22.7,45.2,24.9,86.8,7.15,106.78,pomegranate
114.5,54.5,23.5,24.28,66.4,6.84,109.52,cotton
24.7,120.2,200.8,30.88,77.66,6.1,80.07,grapes
90.9,35.8,16.3,22.18,72.73,6.58,89.87,maize
22.5,24.6,43.6,21.29,88.88,6.56,112.8,pomegranate
11.0,19.2,26.5,27.18,57.55,6.63,104.49,mango
38.2,51.4,24.9,34.03,62.96,6.35,75.45,mungbean
23.6,29.9,34.6,22.37,89.6,6.06,100.29,pomegranate
97.7,73.4,61.7,22.28,87.51,5.64,170.93,banana
98.4,48.8,46.9,25.88,78.76,6.71,163.94,jute
18.1,131.8,196.1,24.21,77.52,5.87,84.0,grapes
45.0,68.2,79.1,17.59,18.89,6.12,73.7,chickpea
114.2,22.7,27.3,26.42,59.96,6.19,158.07,coffee
27.8,63.6,15.1,24.95,40.0,6.7,92.63,pigeonpeas
34.5,82.9,18.7,20.77,68.24,7.15,35.24,lentil
15.9,24.2,32.3,20.85,93.48,6.55,111.82,pomegranate
22.5,78.3,20.9,19.95,30.38,6.13,197.34,pigeonpeas
99.0,82.4,61.8,24.3,75.09,6.15,116.2,banana
18.6,25.4,32.8,30.81,96.37,5.78,184.97,coconut
97.5,62.3,20.9,25.72,67.04,7.75,74.31,cotton
30.6,67.4,27.9,27.52,89.43,6.92,83.81,blackgram
108.6,29.7,44.9,25.69,57.65,6.84,175.66,coffee
24.7,13.0,48.2,24.25,91.54,7.01,100.11,pomegranate
90.7,43.2,32.2,22.37,73.72,5.79,80.84,cotton
28.3,34.8,42.5,34.98,49.89,7.18,112.92,mango
28.9,138.3,204.3,30.24,77.63,5.55,60.06,grapes
20.8,49.8,19.7,25.45,47.64,5.6,40.32,mothbeans
115.3,45.3,34.2,24.09,65.77,7.68,97.61,cotton
73.4,53.1,32.1,20.9,89.56,6.49,253.26,rice
35.2,58.0,16.7,29.15,59.2,7.25,55.86,mothbeans
27.9,133.2,194.7,23.24,82.16,5.61,68.11,grapes
12.6,26.8,32.2,29.01,91.59,5.91,219.2,coconut
35.4,72.9,20.9,24.63,59.91,5.52,185.66,pigeonpeas
81.0,81.3,62.9,24.75,79.1,5.8,148.99,banana
62.1,59.6,52.6,32.81,89.9,6.25,80.59,papaya
19.4,34.7,33.5,30.64,46.09,7.18,105.93,mango
14.8,12.0,35.2,19.24,85.29,7.36,100.16,pomegranate
29.8,24.4,30.1,33.8,54.82,6.7,83.83,mango
25.9,11.5,15.0,25.61,87.32,7.44,116.41,orange
15.6,84.5,16.3,29.4,39.81,4.9,138.38,pigeonpeas
47.6,83.5,87.3,18.57,30.75,6.5,82.56,chickpea
25.9,21.0,42.0,32.35,50.94,6.35,87.44,mango
29.1,23.9,41.9,21.22,88.64,6.53,112.73,pomegranate
23.1,69.3,24.0,24.86,88.13,7.22,75.01,lentil
10.4,16.2,42.8,18.07,85.33,7.28,113.68,pomegranate
25.0,133.5,202.3,28.77,80.13,5.98,79.35,grapes
25.0,59.6,23.6,17.77,33.43,6.08,95.57,kidneybeans
46.7,65.4,74.6,15.25,27.92,7.27,73.62,chickpea
95.1,14.1,46.4,26.2,94.84,6.47,28.67,muskmelon
19.1,15.5,22.0,30.84,94.3,6.02,127.66,orange
15.2,47.3,19.9,29.55,56.82,5.48,62.47,mothbeans
85.7,36.8,30.1,24.36,78.46,7.2,164.09,jute
35.2,84.0,82.5,24.84,28.36,7.27,66.64,chickpea
17.1,17.3,43.4,27.84,90.14,6.38,202.06,coconut
82.8,24.3,46.4,27.97,64.45,6.31,66.11,watermelon
36.8,60.1,15.8,28.04,46.64,7.05,132.17,pigeonpeas
18.8,76.3,25.2,25.24,72.35,6.5,80.08,blackgram
114.7,34.9,40.6,24.13,51.58,7.09,199.6,coffee
13.4,30.2,44.8,32.56,50.92,5.99,88.71,mango
108.4,63.4,28.5,29.83,72.34,6.18,82.71,cotton
29.7,127.7,201.3,15.77,93.0,6.43,126.23,apple
65.1,34.6,32.8,27.69,78.64,6.19,284.52,rice
16.4,16.4,9.7,17.44,88.74,7.48,127.49,orange
16.2,40.7,26.9,29.54,69.05,6.58,82.72,mungbean
17.2,63.8,27.1,29.6,66.71,7.4,57.23,mungbean
37.9,59.0,21.8,29.75,50.52,6.7,37.69,mothbeans
113.3,81.0,47.0,28.74,75.12,5.98,115.42,banana
20.0,29.3,27.6,31.17,96.91,6.02,210.17,coconut
82.4,23.1,58.1,24.76,61.38,6.99,60.35,watermelon
85.4,94.4,57.1,31.5,80.09,5.61,140.52,banana
67.9,52.0,24.3,26.75,65.21,6.2,66.85,maize
93.3,25.5,59.8,28.77,85.87,6.93,24.56,muskmelon
16.4,22.2,48.8,22.7,85.75,6.69,117.82,pomegranate
26.7,60.7,25.5,25.79,42.55,7.23,92.3,pigeonpeas
86.5,25.2,60.7,31.46,88.76,6.51,23.63,muskmelon
36.4,46.9,18.0,29.25,71.57,7.37,78.1,mungbean
106.3,16.4,56.7,24.62,60.16,6.09,49.46,watermelon
28.1,130.8,190.3,20.62,86.24,5.58,122.66,apple
29.8,83.1,25.2,29.14,80.69,6.52,68.32,blackgram
23.0,77.3,29.6,29.38,85.83,6.85,64.72,blackgram
16.9,148.1,195.8,21.89,88.38,6.47,103.05,apple
110.9,24.1,27.1,20.73,58.05,7.12,155.11,coffee
39.5,64.6,25.3,25.95,57.95,4.2,61.23,mothbeans
17.7,25.1,32.7,25.64,90.65,5.66,196.0,coconut
16.0,40.6,27.5,32.67,70.52,6.57,66.68,mungbean
101.8,86.4,46.1,25.99,79.06,6.5,124.67,banana
92.7,55.8,30.1,26.13,83.35,5.94,167.98,rice
31.9,75.3,20.6,24.42,18.35,6.0,101.45,kidneybeans
28.6,74.6,20.8,31.47,61.34,6.08,73.72,blackgram
103.6,13.4,47.2,30.25,88.05,6.95,27.14,muskmelon
86.8,22.3,45.6,31.52,90.23,6.04,23.42,muskmelon
101.7,13.7,63.2,30.62,58.27,6.87,48.17,watermelon
112.1,44.8,31.5,29.69,70.63,5.54,65.91,cotton
14.4,142.0,205.1,23.38,77.97,5.97,62.8,grapes
25.4,33.0,31.7,34.91,47.06,5.61,114.22,mango
89.3,15.9,51.1,31.08,69.48,6.67,63.96,watermelon
27.5,125.4,205.9,24.14,78.28,5.66,65.03,grapes
12.1,16.0,16.8,15.49,90.73,7.68,121.67,orange
97.3,19.3,58.2,30.56,92.51,6.94,23.98,muskmelon
10.4,21.7,27.9,26.56,63.11,5.57,88.79,mango
34.5,38.9,24.0,25.34,74.93,6.23,49.15,mungbean
63.4,50.1,63.6,28.9,94.23,6.21,88.37,papaya
40.8,59.0,79.0,18.59,31.09,6.56,68.43,chickpea
92.3,41.9,36.6,26.73,78.67,6.62,175.19,jute
86.7,17.2,49.6,29.06,92.98,6.79,23.65,muskmelon
15.2,24.5,48.2,19.65,94.08,6.46,119.53,pomegranate
26.9,5.2,29.4,29.32,98.95,6.87,161.35,coconut
98.6,98.5,63.9,29.8,84.03,5.95,128.49,banana
16.9,139.5,207.7,18.68,83.4,5.62,66.45,grapes
49.6,68.6,90.6,16.41,24.71,6.06,80.22,chickpea
15.9,54.3,18.9,25.52,66.93,7.2,82.57,mungbean
13.5,131.2,198.4,21.01,81.57,6.42,72.02,grapes
39.6,74.3,25.8,31.67,43.2,6.91,137.8,pigeonpeas
85.8,75.3,62.3,25.93,75.07,5.77,147.81,banana
15.3,23.8,45.8,20.15,85.36,7.4,106.9,pomegranate
83.4,45.2,42.2,20.22,92.44,7.36,234.77,rice
27.7,75.6,24.5,23.11,61.34,6.09,47.61,lentil
17.2,61.7,17.8,19.28,79.75,6.03,35.54,lentil
17.9,63.2,18.1,29.55,87.25,6.16,81.61,blackgram
76.3,36.6,47.5,28.02,76.62,6.52,164.51,jute
32.8,75.6,19.8,17.52,88.68,7.35,55.58,lentil
39.4,65.0,23.9,25.9,78.18,6.13,88.78,blackgram
79.0,50.0,33.4,22.31,75.82,5.84,191.79,rice
35.6,143.4,207.8,24.28,87.38,5.92,100.44,apple
16.2,83.8,25.2,26.84,39.47,5.25,193.63,pigeonpeas
20.9,61.7,15.1,27.01,88.77,6.92,53.08,mungbean
71.7,56.9,30.3,21.03,79.16,5.55,177.22,rice
102.6,23.1,34.8,21.55,55.59,7.01,204.5,coffee
86.4,83.1,53.0,27.76,83.75,6.25,140.79,banana
31.3,61.0,28.4,31.36,33.32,7.04,59.62,mothbeans
90.9,24.7,55.3,30.17,94.07,6.92,25.35,muskmelon
44.8,65.1,75.2,22.12,31.52,6.2,69.59,chickpea
45.1,55.4,81.4,18.37,15.39,6.25,76.55,chickpea
95.0,50.9,33.8,25.19,74.95,6.2,106.03,maize
18.2,57.8,23.8,20.32,67.99,7.3,76.73,lentil
24.8,146.4,209.6,19.94,88.91,5.97,125.58,apple
103.1,12.2,45.5,26.92,87.69,6.82,27.11,muskmelon
41.1,79.5,86.4,24.67,16.03,7.01,88.74,chickpea
32.4,74.5,19.1,16.56,27.72,6.1,70.76,kidneybeans
34.6,75.2,16.7,21.95,73.25,7.39,41.37,lentil
13.9,26.0,34.1,33.66,47.0,6.02,110.07,mango
10.7,124.2,208.3,24.19,75.78,6.46,86.37,grapes
31.1,66.5,29.4,18.3,88.87,7.3,47.17,lentil
58.0,74.0,61.2,23.01,92.13,6.54,41.31,papaya
29.6,14.4,8.3,18.44,93.9,7.82,118.24,orange
14.3,20.3,44.7,21.9,94.29,6.57,109.27,pomegranate
20.4,56.8,19.9,16.44,81.3,6.57,41.47,lentil
114.1,92.7,57.2,25.64,78.15,6.28,138.91,banana
64.9,56.6,30.6,31.79,73.97,6.17,178.85,jute
63.7,52.6,24.6,23.78,51.62,6.66,93.69,maize
16.0,80.1,24.3,20.63,27.49,6.36,95.22,kidneybeans
112.5,23.7,27.5,27.4,60.91,6.92,215.34,coffee
18.9,68.5,21.1,21.87,67.5,6.78,74.49,lentil
34.9,77.2,24.7,20.18,49.15,4.76,131.51,pigeonpeas
97.5,91.8,62.9,28.74,78.07,6.43,121.16,banana
20.3,121.9,197.1,27.02,80.56,5.9,72.87,grapes
24.3,139.0,197.7,33.18,84.7,5.67,66.69,grapes
82.7,15.4,60.4,30.82,70.58,6.63,55.42,watermelon
28.6,20.9,17.2,16.97,87.91,7.94,109.58,orange
24.0,139.2,208.4,16.52,90.67,6.26,122.73,apple
31.7,84.1,17.6,30.97,72.73,6.67,67.62,blackgram
73.9,40.4,44.8,25.43,79.49,6.4,171.13,rice
21.6,42.3,22.2,33.87,71.35,7.12,44.84,mungbean
114.8,77.1,46.6,28.27,80.05,6.17,102.57,banana
74.5,45.0,15.5,18.22,70.79,6.05,91.08,maize
29.2,132.8,200.3,17.94,80.51,5.64,78.34,grapes
16.6,67.1,15.4,18.29,76.11,7.32,73.09,lentil
41.8,71.1,45.4,29.09,92.28,6.62,100.84,papaya
33.4,48.6,29.8,25.55,70.65,6.72,65.16,mungbean
20.1,22.9,49.5,18.39,90.74,7.29,109.63,pomegranate
27.8,24.4,31.5,23.75,89.93,7.27,112.01,pomegranate
14.5,30.9,41.1,26.28,51.72,5.77,82.97,mango
78.2,43.4,41.0,29.96,83.49,6.44,176.44,jute
78.7,53.4,18.3,26.92,55.79,7.39,98.98,maize
46.5,67.8,74.9,15.13,26.2,7.05,88.77,chickpea
91.5,19.4,62.4,27.9,90.35,6.02,21.59,muskmelon
21.8,9.8,27.7,27.24,92.27,5.99,209.25,coconut
22.6,30.9,40.6,27.91,56.49,7.17,107.52,mango
95.4,35.0,43.8,29.9,74.2,6.73,154.46,jute
18.5,14.8,22.1,23.89,88.62,6.5,112.26,orange
28.6,71.3,22.5,16.35,74.88,5.84,40.68,lentil
18.2,18.9,39.9,25.4,47.08,6.92,88.35,mango
35.6,66.9,17.3,22.38,22.21,6.17,76.24,kidneybeans
88.3,55.4,40.9,29.08,81.21,6.53,178.44,jute
22.2,7.9,35.2,27.98,90.6,6.71,200.83,coconut
101.5,38.9,32.4,22.23,71.32,5.96,106.58,cotton
32.6,70.4,28.1,17.89,62.59,7.37,52.02,lentil
12.8,28.5,36.9,27.24,45.27,5.66,95.67,mango
35.6,139.5,195.8,23.45,89.93,6.0,129.3,apple
115.2,76.0,63.9,25.42,81.61,6.21,147.01,banana
28.6,38.9,20.6,24.79,51.8,6.4,61.12,mothbeans
11.5,148.8,198.7,27.47,81.66,6.05,66.16,grapes
90.4,39.8,24.2,18.08,56.17,6.95,119.51,maize
24.0,84.7,25.3,31.29,34.99,5.65,151.02,pigeonpeas
26.1,36.4,23.2,28.39,74.2,6.92,83.44,mungbean
96.3,42.5,20.4,24.83,61.24,7.05,63.92,maize
33.0,57.6,27.7,22.32,78.33,7.14,53.18,lentil
11.5,9.5,18.5,30.21,85.33,7.62,116.85,orange
47.5,71.0,74.7,21.96,30.87,6.63,94.29,chickpea
29.4,15.5,40.7,27.54,45.75,7.34,85.59,mango
25.1,149.0,202.2,22.29,88.45,6.17,107.73,apple
99.5,11.7,48.6,27.81,68.07,6.15,45.56,watermelon
86.0,72.7,56.3,23.14,77.08,5.8,122.53,banana
79.7,30.3,39.4,20.68,77.38,5.74,247.38,rice
13.4,21.0,14.7,24.76,86.47,6.65,112.3,orange
29.5,62.3,23.3,25.4,43.25,8.98,55.77,mothbeans
109.4,24.2,53.4,29.89,94.99,6.71,27.62,muskmelon
75.8,37.4,35.1,31.61,76.21,6.49,159.48,jute
90.4,25.2,64.1,26.97,71.59,6.19,64.22,watermelon
10.4,20.5,40.1,21.68,94.74,7.37,103.23,pomegranate
95.2,54.5,25.7,20.92,58.33,6.84,119.65,maize
26.7,63.1,16.5,16.67,17.95,6.47,105.56,kidneybeans
38.7,130.8,192.8,18.26,85.3,5.52,111.87,apple
21.0,20.5,26.3,24.55,47.31,5.64,110.42,mango
114.6,38.7,34.5,31.86,83.73,6.74,72.3,cotton
109.5,93.0,63.1,26.09,89.3,6.37,123.72,banana
24.6,39.6,25.0,27.84,77.57,6.88,62.29,mungbean
36.3,60.9,21.1,30.1,35.04,3.56,30.8,mothbeans
19.4,9.9,12.0,17.76,87.3,6.15,127.6,orange
45.3,64.4,93.7,23.92,23.68,7.82,75.09,chickpea
107.8,81.8,52.4,26.56,77.66,6.13,129.13,banana
20.9,147.3,200.1,21.56,89.15,6.13,111.58,apple
27.0,17.7,12.1,16.31,92.53,7.45,127.38,orange
37.0,37.3,25.6,34.2,68.12,6.56,68.45,mungbean
26.3,61.0,19.6,15.42,79.01,6.0,48.69,lentil
33.6,136.0,202.2,18.93,94.65,6.07,128.13,apple
28.7,47.5,28.2,25.63,58.93,7.12,32.18,mothbeans
69.7,33.4,42.2,23.46,86.62,5.81,222.17,rice
107.9,28.6,64.4,25.88,86.61,6.68,25.41,muskmelon
27.3,52.2,18.6,30.35,47.03,5.67,34.27,mothbeans
31.6,45.2,29.0,34.12,66.28,6.06,77.07,mungbean
23.7,21.3,33.3,24.8,99.11,6.52,160.7,coconut
36.2,83.4,28.3,22.39,20.55,5.78,117.8,kidneybeans
17.1,84.8,16.9,15.72,86.36,6.1,64.26,lentil
103.1,15.8,53.2,28.19,57.7,6.03,44.58,watermelon
35.8,79.1,28.0,18.83,54.22,4.92,135.74,pigeonpeas
23.0,79.3,25.3,22.25,80.94,6.12,39.48,lentil
68.0,40.0,17.1,23.73,67.66,5.56,116.17,maize
89.8,16.6,57.0,25.47,60.7,6.42,50.61,watermelon
10.4,27.8,34.5,24.5,92.17,7.14,104.03,pomegranate
25.0,26.3,34.0,27.4,55.05,6.18,110.28,mango
33.2,64.4,17.3,27.26,66.35,7.19,49.35,mungbean
25.6,16.9,28.5,24.14,56.87,7.27,106.83,mango
12.5,20.9,17.8,29.87,92.85,6.22,111.43,orange
97.7,11.8,59.7,31.96,71.38,6.56,54.54,watermelon
47.3,72.2,56.5,29.36,87.62,6.61,86.07,papaya
34.4,81.2,18.2,15.84,74.49,6.53,72.31,lentil
27.2,131.4,204.4,23.84,85.05,6.43,115.35,apple
39.2,66.3,15.9,22.75,47.71,4.99,162.39,pigeonpeas
26.2,20.3,25.1,29.45,47.0,7.01,91.04,mango
76.1,49.4,27.6,25.86,74.6,7.04,85.07,maize
32.5,70.4,57.1,26.95,85.57,6.68,66.26,papaya
87.8,20.0,29.4,23.49,68.12,7.37,153.83,coffee
104.2,90.7,50.6,26.81,75.67,6.32,179.19,banana
95.7,16.7,45.0,27.16,87.79,6.39,21.32,muskmelon
27.1,77.7,19.2,22.45,62.36,4.67,143.42,pigeonpeas
93.6,80.1,45.8,27.98,87.82,5.88,159.2,banana
93.6,16.3,63.8,30.8,71.87,6.51,63.68,watermelon
89.9,39.4,38.5,24.03,72.77,6.93,180.37,jute
85.3,49.0,40.7,21.08,91.71,6.14,177.98,rice
81.5,29.2,50.5,30.99,62.78,6.12,42.41,watermelon
75.8,57.7,28.9,19.39,70.4,5.95,73.43,maize
18.2,56.6,16.5,28.99,42.46,8.63,39.35,mothbeans
100.7,12.3,58.1,26.24,55.58,6.41,53.01,watermelon
21.9,63.0,25.9,30.77,79.43,6.04,70.91,mungbean
26.4,17.0,20.1,22.37,90.47,6.12,102.7,orange
25.5,82.3,29.9,16.06,66.99,7.4,78.12,lentil
102.0,52.8,20.7,30.48,68.02,6.42,66.25,cotton
37.7,73.4,89.1,17.42,29.28,6.18,67.97,chickpea
100.1,29.2,40.5,18.01,60.1,6.35,211.24,coffee
38.5,45.3,29.8,27.88,36.27,9.29,48.41,mothbeans
32.2,63.5,19.0,33.11,61.66,6.81,43.53,mungbean
85.1,23.7,37.2,24.76,63.92,7.09,195.6,coffee
27.5,138.1,196.1,17.0,90.43,5.94,111.7,apple
39.3,75.8,85.4,18.05,19.25,6.07,72.16,chickpea
16.6,21.9,47.4,18.33,88.85,6.24,113.91,pomegranate
38.3,58.6,29.0,21.84,25.63,5.53,88.54,kidneybeans
100.8,25.1,48.0,27.8,89.83,6.36,23.22,muskmelon
95.5,22.2,59.5,25.18,90.71,6.88,20.17,muskmelon
41.3,64.4,84.1,23.22,24.19,6.72,79.77,chickpea
79.5,36.0,16.3,26.16,53.48,6.56,84.67,maize
37.9,81.6,24.4,29.32,32.42,5.5,124.51,pigeonpeas
24.3,65.4,83.5,22.49,28.02,7.24,74.09,chickpea
49.6,57.6,50.8,32.5,89.81,6.65,55.14,papaya
12.4,7.6,42.9,28.68,99.34,6.19,187.71,coconut
37.7,76.5,23.7,29.17,60.25,5.87,142.26,pigeonpeas
90.5,26.1,63.4,31.28,94.2,6.91,25.27,muskmelon
95.7,20.8,55.4,24.07,55.03,6.1,43.05,watermelon
48.1,68.3,53.5,24.0,94.76,6.24,97.42,papaya
84.0,98.0,52.5,22.81,80.81,6.1,141.09,banana
28.5,48.7,29.2,31.74,61.95,6.7,52.01,mungbean
67.1,32.7,32.4,25.53,79.13,6.23,225.51,rice
53.9,50.2,47.1,30.83,92.79,6.5,69.11,papaya
82.1,98.5,57.8,30.77,85.14,5.86,141.02,banana
23.7,29.5,28.5,26.61,95.42,5.84,122.22,coconut
35.6,44.1,21.0,28.17,74.02,6.43,88.08,mungbean
88.5,52.8,41.2,29.25,84.88,6.55,214.13,rice
24.4,62.7,23.2,26.16,54.58,7.78,69.57,mothbeans
31.9,60.8,29.4,29.03,36.44,4.19,62.51,mothbeans
15.4,18.6,44.4,26.55,91.6,6.52,158.78,coconut
24.3,74.9,17.1,20.71,18.71,5.78,73.12,kidneybeans
16.3,9.0,42.9,28.76,98.25,6.59,142.0,coconut
37.4,68.1,87.4,20.17,30.18,6.56,74.12,chickpea
110.0,20.7,33.4,21.84,67.04,7.16,191.23,coffee
32.2,70.6,27.5,19.19,65.82,6.07,57.73,lentil
11.7,26.2,44.4,23.11,86.0,7.08,113.6,pomegranate
90.7,41.6,17.1,29.85,67.25,7.31,79.28,cotton
13.3,10.3,6.3,28.52,91.22,6.63,104.91,orange
29.9,128.7,204.3,23.06,87.6,5.8,119.83,apple
26.4,17.4,42.0,28.55,50.07,7.24,97.28,mango
13.1,22.5,37.6,30.02,49.62,6.19,104.56,mango
46.7,63.6,81.0,15.58,17.23,7.03,70.7,chickpea
10.5,122.8,203.7,23.58,83.65,6.19,60.24,grapes
18.7,9.5,10.1,23.57,93.12,7.49,117.73,orange
105.9,84.8,57.4,27.44,86.1,6.21,142.74,banana
112.6,55.7,17.7,27.02,80.62,6.05,103.56,cotton
102.7,26.6,62.6,28.85,72.21,6.02,43.22,watermelon
82.3,17.9,58.4,28.29,88.84,6.12,22.45,muskmelon
101.2,25.2,55.5,31.39,71.5,6.84,60.19,watermelon
12.1,19.8,45.4,19.55,87.69,6.36,119.83,pomegranate
17.6,65.6,21.2,21.76,28.16,5.57,83.72,kidneybeans
25.3,19.8,18.2,29.06,91.85,7.07,107.11,orange
69.1,41.4,27.2,21.7,71.0,7.3,81.21,maize
96.6,21.5,41.9,27.05,59.04,6.01,205.48,coffee
37.1,70.8,22.8,30.78,82.48,7.45,62.21,blackgram
92.7,48.3,32.8,26.68,81.99,6.32,76.98,cotton
63.5,35.9,30.9,23.9,82.77,6.04,274.31,rice
83.7,29.7,25.9,19.91,63.28,6.15,218.03,coffee
20.5,83.9,91.8,18.05,31.59,6.56,94.91,chickpea
36.9,79.0,29.2,15.98,67.95,6.49,73.09,lentil
45.9,60.4,94.0,20.53,22.93,6.26,94.61,chickpea
89.7,26.7,38.8,19.4,57.17,7.36,189.7,coffee
95.1,41.8,46.3,25.27,82.54,6.43,195.21,rice
25.8,30.2,43.2,24.16,61.18,7.38,111.57,mango
74.4,32.7,48.3,21.64,94.0,6.39,177.77,rice
99.9,45.1,41.9,20.8,90.0,5.92,284.71,rice
67.6,61.5,60.8,30.56,90.14,6.09,91.42,papaya
80.9,39.0,37.7,28.27,84.5,6.95,185.71,jute
26.0,57.0,27.4,26.26,87.09,7.3,73.94,blackgram
104.2,15.2,61.0,26.9,85.33,6.52,21.97,muskmelon
92.7,49.8,33.0,30.77,65.94,6.26,82.17,cotton
15.9,21.4,33.8,27.38,64.7,7.13,86.59,mango
89.5,58.0,48.5,25.41,77.26,7.47,275.83,rice
22.5,22.2,41.9,28.99,59.53,5.69,95.84,mango
83.4,99.1,45.8,29.54,82.88,5.87,105.27,banana
27.3,122.7,193.2,18.83,86.56,6.46,128.4,apple
92.7,53.2,39.8,30.74,72.41,7.36,192.32,jute
109.9,32.9,26.5,27.3,57.93,7.38,155.3,coffee
94.1,27.5,53.9,26.28,72.92,6.86,44.92,watermelon
20.7,18.2,19.1,17.32,93.13,7.36,126.67,orange
25.4,67.7,26.8,20.74,58.71,6.45,136.09,pigeonpeas
23.4,22.8,34.8,34.89,49.28,6.34,91.67,mango
29.0,19.5,6.4,26.59,91.87,7.81,111.19,orange
93.9,29.6,58.6,27.85,85.26,6.57,20.96,muskmelon
23.1,75.0,23.3,18.43,17.69,5.59,109.89,kidneybeans
85.1,17.0,60.5,24.24,68.46,6.82,67.97,watermelon
14.8,5.1,8.8,15.07,92.2,6.85,109.38,orange
18.8,46.0,20.6,25.21,57.95,8.1,37.62,mothbeans
96.2,12.9,56.1,29.19,62.8,6.5,66.27,watermelon
114.4,19.0,25.1,26.71,56.53,6.62,181.24,coffee
59.0,65.8,61.4,30.39,89.02,6.47,97.34,papaya
74.9,41.8,16.5,23.43,66.71,6.74,87.81,maize
23.7,53.6,23.2,25.01,40.14,5.05,38.54,mothbeans
20.4,136.6,202.0,24.99,87.01,6.02,110.39,apple
12.4,23.0,41.3,21.87,85.32,6.7,118.49,pomegranate
30.9,142.4,208.6,21.47,94.7,5.84,110.5,apple
21.7,44.5,16.9,29.24,31.39,7.38,64.79,mothbeans
25.0,5.9,41.0,25.1,92.22,6.65,146.5,coconut
23.7,33.8,38.3,33.58,61.55,6.22,104.0,mango
20.0,144.3,193.1,17.1,88.66,6.38,103.95,apple
17.8,6.5,14.5,22.17,89.44,6.09,110.85,orange
118.3,59.5,28.7,30.45,77.01,5.84,79.56,cotton
113.5,85.8,49.2,27.25,83.33,6.24,117.59,banana
18.9,145.5,202.3,20.85,79.21,6.21,89.2,grapes
98.3,48.4,23.6,31.59,68.51,5.72,104.03,cotton
22.4,71.8,19.5,16.67,72.22,5.96,59.07,lentil
95.1,64.9,22.4,22.04,68.05,7.27,95.58,maize
63.1,59.2,49.7,28.38,85.72,6.12,272.07,rice
34.1,72.8,17.9,27.33,51.82,6.31,143.88,pigeonpeas
20.3,64.4,17.7,34.02,71.92,6.37,73.45,blackgram
41.2,56.9,74.4,15.08,27.62,6.9,65.37,chickpea
20.8,73.8,26.2,17.19,16.2,5.63,96.36,kidneybeans
13.9,149.2,197.2,27.03,81.1,6.06,87.44,grapes
87.3,10.4,61.2,28.44,88.07,6.1,20.63,muskmelon
81.0,23.1,57.2,29.96,91.6,6.11,22.91,muskmelon
22.2,79.1,30.0,15.3,32.95,6.12,118.4,kidneybeans
104.6,10.2,45.1,30.32,92.61,6.79,29.3,muskmelon
104.4,27.2,39.7,21.33,64.01,7.37,150.76,coffee
115.0,33.8,37.4,26.81,52.63,7.2,158.34,coffee
73.2,36.8,49.9,30.83,79.32,7.0,183.56,jute
25.1,144.1,201.1,24.77,76.14,5.58,70.19,grapes
23.7,74.6,25.6,20.86,70.72,6.65,50.4,lentil
101.9,14.3,46.6,26.22,59.98,6.23,45.78,watermelon
115.4,64.5,28.8,25.78,70.62,7.16,109.04,cotton
61.2,44.2,29.1,19.82,66.84,7.44,65.63,maize
27.9,58.0,15.2,31.49,43.19,6.31,98.77,pigeonpeas
10.8,140.2,200.7,23.88,81.34,6.33,72.83,grapes
34.3,62.1,25.2,20.66,33.58,5.89,63.97,kidneybeans
43.2,71.3,47.2,22.49,87.08,6.29,49.03,papaya
112.8,33.1,27.0,19.05,65.93,6.38,154.1,coffee
36.7,48.0,29.5,27.62,35.0,6.03,68.07,mothbeans
41.1,63.9,73.2,22.82,27.88,6.1,74.4,chickpea
115.6,95.8,46.5,23.06,82.43,6.11,121.99,banana
95.7,22.0,56.3,29.23,61.15,6.13,62.82,watermelon
108.1,55.8,22.8,22.29,83.62,7.87,107.46,cotton
26.8,16.0,32.9,28.07,50.7,7.32,110.04,mango
23.8,55.5,93.1,23.07,17.4,6.53,60.7,chickpea
90.9,38.9,34.4,22.08,55.9,5.65,70.19,maize
83.6,30.5,36.3,24.69,56.55,6.61,166.18,coffee
23.2,56.3,22.4,30.44,65.05,7.14,89.55,blackgram
21.8,61.5,24.9,21.34,26.87,5.52,103.73,kidneybeans
23.8,57.8,22.3,24.21,15.8,5.79,72.45,kidneybeans
104.0,15.3,49.2,30.49,91.86,6.68,25.53,muskmelon
100.0,19.4,60.6,29.49,85.61,6.1,20.38,muskmelon
38.7,72.2,95.0,24.06,15.24,7.35,62.07,chickpea
24.9,55.0,16.8,30.35,80.25,6.63,81.92,blackgram
110.5,90.6,51.5,27.45,77.21,5.95,170.5,banana
87.3,49.9,27.4,25.82,64.27,5.56,115.86,maize
29.9,82.8,28.9,18.42,25.55,5.71,119.74,kidneybeans
65.3,41.3,30.8,23.65,74.87,6.03,162.27,jute
25.0,12.0,29.4,31.41,95.72,5.71,139.3,coconut
117.8,25.7,25.1,18.11,60.89,6.65,181.59,coffee
30.7,37.3,16.7,24.39,39.01,4.38,40.4,mothbeans
21.5,9.8,38.5,29.7,99.85,6.58,147.14,coconut
32.7,61.4,15.6,27.01,65.36,6.51,72.55,blackgram
36.0,73.5,24.7,25.28,84.86,7.18,67.77,blackgram
86.7,36.5,40.6,23.4,70.58,6.92,165.17,jute
83.7,18.4,48.9,27.91,88.84,6.74,27.74,muskmelon
13.6,29.5,41.2,31.47,57.14,6.63,114.44,mango
20.3,14.4,19.8,29.15,92.51,6.29,118.66,orange
102.2,78.6,63.8,29.62,89.59,5.54,122.81,banana
15.7,20.3,35.3,19.47,90.99,6.13,101.16,pomegranate
11.8,23.9,33.3,23.5,87.5,6.63,107.01,pomegranate
99.2,44.8,36.6,27.6,79.8,5.65,169.33,rice
38.5,50.2,46.3,30.73,89.63,6.83,47.91,papaya
28.0,24.4,18.3,31.52,93.32,6.54,112.82,orange
98.5,37.6,39.9,23.61,80.7,5.57,241.43,rice
21.1,144.7,200.1,33.33,81.28,6.34,64.45,grapes
24.0,126.8,190.1,21.86,84.69,6.19,72.04,grapes
17.4,129.5,202.4,18.29,83.46,6.31,74.29,grapes
10.3,27.8,34.9,23.11,93.11,7.29,119.83,pomegranate
114.8,51.4,28.4,26.93,78.96,5.59,98.14,cotton
97.3,75.8,63.1,23.98,75.39,5.52,149.79,banana
111.4,23.7,29.0,24.51,64.66,6.19,169.39,coffee
105.5,37.9,29.9,23.09,73.1,7.51,83.38,cotton
91.3,37.0,32.8,28.17,82.07,7.03,169.68,jute
16.3,35.4,26.9,29.77,63.93,6.35,86.63,mungbean
88.7,57.4,48.7,28.56,71.06,7.11,155.5,jute
20.3,38.5,29.6,24.18,58.09,8.62,41.89,mothbeans
33.7,64.4,19.6,33.38,62.17,7.32,67.7,blackgram
84.3,50.4,19.6,19.59,55.51,5.87,106.78,maize
39.6,62.2,56.2,31.99,92.58,6.67,75.93,papaya
38.0,54.5,16.4,31.58,39.05,5.69,46.09,mothbeans
104.3,27.3,40.8,27.49,57.53,6.87,156.04,coffee
30.0,125.4,192.4,17.87,81.61,6.16,85.44,grapes
101.2,79.7,46.5,30.96,87.04,5.64,162.14,banana
22.9,28.4,27.2,24.79,98.53,6.51,196.64,coconut
28.7,125.9,205.3,15.47,78.75,5.61,70.57,grapes
24.4,18.7,30.4,31.99,95.9,6.86,188.24,coconut
22.6,122.0,195.1,16.98,90.42,6.1,118.26,apple
15.5,134.3,199.4,22.77,83.21,5.95,78.11,grapes
12.8,20.3,34.8,19.29,85.65,7.14,108.55,pomegranate
97.1,79.9,46.8,27.63,82.19,5.6,149.0,banana
90.8,27.2,53.5,31.33,64.96,6.4,62.51,watermelon
108.7,41.9,33.4,27.75,83.4,5.62,77.13,cotton
36.5,77.5,21.6,21.11,18.21,6.17,70.76,kidneybeans
11.1,10.3,15.3,23.16,91.05,6.96,128.03,orange
64.5,50.1,40.4,29.27,85.4,7.2,232.79,rice
100.0,21.1,35.6,23.16,50.39,6.42,153.72,coffee
35.3,71.1,19.2,25.62,64.87,7.34,80.58,blackgram
31.3,59.7,21.3,25.73,68.21,7.47,69.81,mungbean
29.2,128.5,197.6,23.16,86.79,5.58,109.85,apple
19.2,17.9,7.1,30.38,90.69,7.56,123.83,orange
100.0,51.0,24.1,22.37,70.21,6.03,103.37,cotton
34.2,81.4,76.5,21.78,27.16,6.59,65.46,chickpea
32.5,47.4,17.1,31.66,75.74,6.96,56.9,mungbean
92.4,11.5,53.1,24.32,71.7,6.21,49.85,watermelon
105.3,25.3,52.6,28.35,86.86,6.29,27.78,muskmelon
17.2,78.3,27.7,20.55,45.06,5.0,167.73,pigeonpeas
94.0,39.2,15.9,27.41,80.88,7.03,88.75,cotton
37.7,60.7,27.3,25.62,32.72,7.37,117.17,pigeonpeas
18.3,14.3,35.7,27.63,98.9,6.89,209.87,coconut
28.7,56.2,19.7,20.76,88.52,7.22,45.28,lentil
46.7,57.4,91.9,16.87,32.16,7.64,81.63,chickpea
86.3,65.0,16.0,26.79,60.17,7.24,106.94,maize
102.9,18.6,62.2,25.21,60.58,6.09,46.33,watermelon
26.2,20.4,9.5,25.48,87.43,7.98,128.56,orange
89.4,31.2,32.1,27.0,65.75,6.11,178.5,coffee
116.5,47.0,31.7,28.72,68.52,7.8,72.28,cotton
18.9,42.3,27.6,25.67,32.54,8.07,46.1,mothbeans
102.6,29.4,60.7,31.71,69.15,6.08,52.06,watermelon
27.6,64.7,22.0,25.58,67.87,6.65,47.85,mungbean
65.6,63.7,64.8,32.65,85.44,6.32,85.75,papaya
104.4,26.3,57.9,27.66,72.29,6.93,40.71,watermelon
87.2,37.2,15.6,20.32,61.57,7.24,103.63,maize
106.4,25.6,48.8,29.55,67.05,6.18,48.2,watermelon
106.5,10.4,60.2,27.53,92.38,6.4,20.71,muskmelon
18.1,61.4,16.0,20.74,78.66,6.51,71.77,lentil
25.8,55.9,18.9,15.34,32.58,5.74,93.44,kidneybeans
37.2,44.9,19.7,30.12,88.22,6.07,57.61,mungbean
116.9,47.8,30.8,24.37,83.98,6.94,97.97,cotton
63.1,36.8,21.7,25.06,67.69,7.08,91.04,maize
24.5,62.3,24.2,29.12,88.03,6.07,50.51,mungbean
26.3,21.0,28.0,26.49,54.37,6.35,91.56,mango
36.1,70.8,25.4,23.83,74.87,6.13,68.91,lentil
100.9,21.9,47.5,31.7,57.46,6.25,64.41,watermelon
24.9,70.9,17.4,20.72,31.11,6.26,69.23,kidneybeans
22.4,14.6,30.0,23.3,94.85,7.21,109.2,pomegranate
26.8,48.4,15.1,33.19,70.79,6.81,73.87,mungbean
11.4,23.0,36.5,33.4,64.48,6.38,82.42,mango
93.3,47.5,30.8,26.39,73.64,6.89,89.08,cotton
26.6,55.4,16.2,17.59,15.56,6.13,85.58,kidneybeans
112.7,34.7,43.7,21.56,57.99,7.12,159.39,coffee
22.3,122.8,205.6,34.83,80.31,6.18,67.12,grapes
103.0,16.8,42.8,27.66,54.05,7.06,208.94,coffee
24.5,69.3,15.7,24.71,81.48,6.15,49.34,lentil
27.2,61.3,22.9,34.3,74.51,6.74,45.99,mungbean
25.9,82.6,20.2,18.77,37.15,5.76,114.16,pigeonpeas
86.7,22.3,57.6,29.87,67.42,6.97,45.92,watermelon
15.4,52.0,29.0,29.33,58.79,3.59,51.68,mothbeans
45.2,79.2,94.7,24.33,25.89,6.4,84.67,chickpea
27.2,30.1,36.1,27.99,52.3,7.26,81.57,mango
82.5,18.6,61.6,27.79,71.59,6.73,46.28,watermelon
80.3,16.3,48.5,28.71,60.09,6.26,54.65,watermelon
28.5,24.9,17.0,15.56,85.82,6.96,112.19,orange
69.4,46.5,43.7,29.68,85.58,6.56,188.23,jute
55.2,55.8,47.1,26.2,86.69,6.94,65.6,papaya
93.4,16.9,54.0,29.99,73.04,6.05,55.72,watermelon
15.6,32.8,36.0,28.55,46.45,6.93,108.11,mango
113.3,58.6,15.7,31.06,83.37,6.9,84.1,cotton
12.2,11.7,44.2,26.13,92.97,5.9,132.91,coconut
22.1,60.3,26.1,17.52,73.63,6.27,79.19,lentil
86.0,51.4,16.2,22.61,70.16,6.42,63.12,maize
101.0,76.9,47.4,25.63,78.83,6.01,177.31,banana
37.9,67.2,17.1,22.15,20.87,6.03,101.87,kidneybeans
33.4,72.1,16.0,16.16,77.89,6.05,38.58,lentil
16.2,24.0,41.1,25.78,50.86,6.86,92.62,mango
117.6,34.8,35.5,20.88,65.82,6.24,167.64,coffee
12.5,14.4,17.5,29.43,87.3,7.63,107.05,orange
92.8,24.0,53.7,27.92,92.6,6.17,23.39,muskmelon
32.6,130.1,192.9,16.43,86.68,5.55,127.06,apple
15.4,27.3,44.5,25.22,49.24,6.45,118.74,mango
25.6,9.7,20.1,29.71,93.79,7.57,112.24,orange
18.7,15.6,47.4,22.23,91.14,6.8,101.84,pomegranate
20.8,80.2,70.3,22.04,34.41,6.88,69.4,chickpea
33.8,72.3,28.6,23.17,30.14,5.56,60.41,kidneybeans
29.7,57.7,21.5,26.75,89.61,6.84,80.62,blackgram
22.2,13.4,5.4,31.75,88.67,7.56,109.77,orange
29.8,6.1,29.7,27.17,94.5,7.34,176.0,coconut
13.9,24.7,40.7,29.34,51.71,5.66,102.01,mango
77.0,30.7,35.4,26.5,87.67,6.02,170.9,rice
61.4,57.3,35.2,27.95,81.23,6.54,232.01,rice
114.2,52.6,27.1,24.01,71.88,7.61,64.39,cotton
35.3,66.1,98.0,23.28,28.94,7.43,78.47,chickpea
19.1,31.0,40.4,34.11,55.66,5.7,103.55,mango
108.8,53.7,17.9,27.44,72.72,6.61,86.18,cotton
103.0,11.4,63.4,25.36,89.79,6.72,23.93,muskmelon
83.5,14.6,63.1,26.24,91.82,6.53,20.83,muskmelon
27.7,32.0,29.2,30.87,46.45,7.17,86.98,mango
24.4,24.9,31.0,19.55,87.74,6.82,102.89,pomegranate
31.9,67.9,26.0,23.24,17.93,6.33,92.42,kidneybeans
21.7,123.5,190.3,16.07,87.93,6.05,101.92,apple
26.2,144.9,201.4,21.12,77.18,5.83,78.85,grapes
93.6,15.9,42.3,19.7,68.61,6.72,173.83,coffee
99.5,63.9,28.8,25.93,79.03,5.54,67.31,cotton
80.3,14.3,61.5,29.69,93.94,6.06,25.97,muskmelon
17.1,61.3,26.3,15.51,24.85,5.94,80.06,kidneybeans
38.6,61.0,81.9,15.39,24.51,7.09,69.11,chickpea
69.7,38.1,37.5,20.24,81.44,5.92,199.12,rice
16.8,138.0,200.5,20.16,93.73,5.71,101.22,apple
22.6,14.6,32.2,24.01,98.04,7.28,216.95,coconut
36.8,66.8,20.0,27.07,71.33,6.48,80.32,blackgram
23.1,145.1,197.5,32.49,77.13,5.83,64.52,grapes
27.9,60.0,29.7,16.08,87.96,7.33,58.64,lentil
92.7,12.9,61.6,26.79,63.0,6.89,54.9,watermelon
25.6,29.5,26.2,30.4,47.6,7.43,112.46,mango
24.9,145.7,196.2,22.86,78.57,6.33,61.33,grapes
116.0,90.6,64.7,29.67,89.13,5.72,161.72,banana
28.3,131.8,193.6,20.7,79.55,5.79,67.01,grapes
35.6,61.1,22.0,29.21,36.31,4.83,187.21,pigeonpeas
25.4,20.9,29.7,30.99,97.32,6.98,219.66,coconut
31.6,65.2,86.2,16.54,26.07,7.08,90.48,chickpea
88.0,14.2,63.9,24.15,74.31,6.15,64.58,watermelon
56.7,64.5,63.0,32.8,94.38,6.87,109.5,papaya
31.8,56.6,51.9,32.62,94.67,6.46,105.99,papaya
29.5,121.6,195.1,21.38,93.59,6.42,115.01,apple
16.0,81.4,19.7,26.29,74.05,6.9,60.93,blackgram
96.7,15.8,61.6,29.7,94.71,6.25,24.86,muskmelon
15.7,137.8,196.0,16.11,75.03,5.6,83.77,grapes
97.8,35.1,45.9,26.18,71.27,6.44,166.09,jute
72.3,46.6,47.3,30.01,77.87,7.27,152.35,jute
28.3,24.4,30.5,25.56,45.07,6.56,84.29,mango
36.8,57.3,18.7,21.95,72.28,7.25,48.41,lentil
90.6,49.4,35.2,31.21,70.36,6.55,186.44,jute
21.5,59.8,17.4,15.7,18.71,6.16,112.9,kidneybeans
25.3,57.5,25.4,34.91,68.34,6.75,56.48,mungbean
86.6,26.0,49.3,26.87,87.33,6.51,23.22,muskmelon
32.9,78.6,25.6,30.9,73.5,7.29,88.71,blackgram
26.1,72.1,22.9,15.38,78.46,7.16,42.09,lentil
83.0,26.1,47.7,29.17,88.43,6.23,26.39,muskmelon
63.9,48.5,49.8,21.68,85.37,7.25,261.12,rice
36.5,56.3,22.2,30.2,89.26,7.45,50.76,mungbean
96.2,45.1,34.6,25.09,83.25,6.75,182.95,jute
20.1,44.7,22.0,34.43,87.95,6.31,57.91,mungbean
16.3,70.5,22.6,16.5,63.12,5.75,39.55,lentil
40.5,48.8,49.5,23.38,94.54,6.28,75.51,papaya
18.9,30.0,46.7,24.25,93.23,6.15,104.55,pomegranate
35.4,72.6,18.8,17.04,70.21,6.45,48.32,lentil
94.8,26.5,53.1,31.88,70.41,6.97,55.43,watermelon
96.5,45.3,40.0,29.58,88.0,6.9,269.37,rice
13.2,13.9,49.5,19.07,87.69,6.89,112.2,pomegranate
80.5,19.6,62.2,31.27,94.56,6.88,25.8,muskmelon
97.3,38.1,33.7,24.19,51.7,6.1,102.49,maize
22.5,10.1,33.7,18.7,88.63,6.75,100.87,pomegranate
20.6,73.5,15.6,22.57,46.4,4.94,198.31,pigeonpeas
90.5,57.5,27.8,22.63,84.29,5.56,89.5,cotton
104.1,57.6,22.2,24.35,83.63,7.55,91.91,cotton
13.0,27.7,44.0,34.96,52.5,6.7,114.25,mango
88.9,100.0,48.4,29.72,78.35,5.58,169.99,banana
80.5,29.9,55.9,28.32,94.55,6.16,21.89,muskmelon
39.8,62.2,28.1,29.63,37.86,5.7,135.06,pigeonpeas
72.2,45.0,46.7,26.51,70.23,6.53,174.95,jute
95.0,47.4,30.7,26.13,78.93,6.77,72.06,cotton
104.1,81.7,56.2,27.77,77.48,5.9,127.47,banana
23.7,76.3,20.5,23.33,73.63,6.94,39.84,lentil
67.2,58.8,31.2,31.85,87.16,6.99,186.75,jute
21.2,15.1,35.3,18.27,88.05,7.12,100.95,pomegranate
28.9,78.4,15.2,23.18,15.8,6.39,119.52,kidneybeans
26.6,56.1,73.2,18.39,31.05,7.14,80.51,chickpea
80.8,19.3,46.2,26.3,90.61,6.87,28.83,muskmelon
33.9,53.2,17.5,30.38,55.2,4.06,48.55,mothbeans
32.2,57.9,28.8,30.68,70.91,7.13,67.72,blackgram
35.0,42.2,16.0,26.54,39.34,6.79,61.11,mothbeans
16.9,143.2,195.2,21.57,76.08,6.44,68.73,grapes
81.5,52.8,26.6,18.82,71.94,6.03,67.77,maize
10.7,125.6,204.9,21.51,81.68,6.22,77.44,grapes
90.5,24.1,55.7,27.75,65.23,6.64,59.8,watermelon
114.2,51.0,17.1,29.97,84.06,5.65,79.57,cotton
95.5,40.5,32.3,21.72,90.23,6.74,165.17,rice
37.0,64.0,20.1,26.71,30.25,7.92,63.02,mothbeans
32.4,141.1,203.7,18.93,88.95,5.75,104.71,apple
114.0,26.7,28.2,18.15,64.02,6.83,195.56,coffee
81.7,29.6,60.8,27.92,56.73,6.59,62.76,watermelon
117.7,90.8,63.8,27.55,84.0,6.48,151.37,banana
27.7,26.2,30.0,34.5,54.67,6.16,87.26,mango
25.8,43.2,28.3,25.41,87.41,7.25,54.88,mungbean
11.3,6.1,33.2,29.75,92.04,6.79,188.71,coconut
111.1,87.9,57.9,29.58,76.77,6.33,156.45,banana
119.1,62.6,22.6,27.15,74.32,7.71,94.43,cotton
29.1,22.0,10.9,15.13,87.97,6.56,126.7,orange
17.7,66.9,20.1,30.69,85.83,6.12,62.18,blackgram
60.7,32.8,43.7,20.85,81.38,7.19,153.49,rice
87.0,31.3,30.5,27.22,64.18,7.18,155.95,coffee
69.6,58.0,56.9,32.1,92.36,6.97,49.19,papaya
12.0,31.0,43.3,32.32,61.45,5.93,90.54,mango
86.5,40.6,18.5,18.89,66.51,7.03,75.9,maize
18.2,62.7,20.3,21.74,16.25,5.71,108.54,kidneybeans
39.3,50.4,19.4,27.76,60.03,5.48,37.71,mothbeans
86.2,21.0,47.2,27.02,87.08,6.4,21.11,muskmelon
97.1,36.8,33.7,21.16,52.54,6.47,75.41,maize
21.7,62.4,24.5,29.77,39.0,8.18,31.12,mothbeans
82.9,15.7,62.4,24.58,72.52,6.52,52.25,watermelon
96.0,30.3,35.0,25.26,60.1,6.89,203.25,coffee
27.9,7.8,22.0,31.12,88.61,7.04,123.37,orange
24.7,12.8,49.3,23.75,87.04,6.28,102.51,pomegranate
10.8,8.8,27.5,27.22,99.97,5.85,134.55,coconut
36.5,73.5,15.2,21.95,72.54,6.63,64.21,lentil
24.3,11.9,25.0,30.92,98.22,5.75,157.41,coconut
110.8,33.3,42.0,25.98,69.74,7.05,202.57,coffee
83.6,90.0,50.7,28.4,84.11,5.65,116.54,banana
18.5,144.6,207.7,17.35,86.13,5.55,118.25,apple
114.1,86.6,59.4,30.97,88.53,5.83,176.2,banana
88.3,17.0,49.3,28.68,61.96,6.66,40.47,watermelon
26.4,46.8,28.0,25.95,63.84,9.73,39.91,mothbeans
85.0,39.6,41.3,24.2,70.35,6.95,182.42,jute
63.8,53.5,46.0,29.53,74.05,7.03,150.54,jute
34.9,72.7,16.5,30.48,81.08,7.19,78.87,blackgram
108.6,54.3,22.5,24.08,79.41,7.53,66.93,cotton
39.8,61.3,15.2,34.97,68.43,7.0,65.3,blackgram
18.1,134.8,195.5,20.69,89.52,5.93,103.36,apple
18.0,15.0,33.1,24.78,99.75,5.78,154.09,coconut
23.4,63.7,23.1,15.24,62.39,6.34,77.43,lentil
36.1,130.8,195.2,23.58,88.75,5.52,111.71,apple
105.4,19.3,31.7,26.47,57.73,6.8,195.43,coffee
23.2,45.5,23.9,26.19,30.93,8.28,55.03,mothbeans
96.4,13.6,51.9,31.45,57.92,6.63,57.79,watermelon
25.0,23.6,34.0,21.46,92.92,6.71,110.73,pomegranate
83.9,19.1,50.4,26.82,56.89,6.43,69.5,watermelon
92.2,24.6,64.3,30.66,94.4,6.14,20.71,muskmelon
25.6,136.3,197.4,22.9,85.39,5.93,111.47,apple
15.8,149.9,192.0,21.83,87.53,5.89,119.38,apple
32.6,74.3,20.6,34.51,60.67,6.46,87.63,blackgram
17.8,52.1,27.9,29.77,89.84,7.02,43.7,mungbean
86.3,33.3,42.6,21.77,57.89,6.69,195.93,coffee
84.7,15.0,54.8,29.61,74.73,6.44,55.55,watermelon
48.8,60.9,98.5,24.95,29.23,7.96,82.78,chickpea
36.2,56.3,26.0,18.41,24.57,6.43,79.92,kidneybeans
37.7,52.6,16.3,29.5,82.69,7.19,64.73,mungbean
33.6,82.6,21.4,22.79,63.65,5.83,143.8,pigeonpeas
32.1,57.1,93.5,17.86,23.66,7.37,73.3,chickpea
21.4,19.4,40.1,27.41,63.44,6.81,97.45,mango
94.4,56.7,16.4,24.37,63.59,5.66,87.5,maize
97.0,35.4,41.4,30.99,75.68,6.89,194.6,rice
38.1,81.8,83.3,21.07,27.63,7.18,88.11,chickpea
26.8,13.5,29.4,30.97,99.02,6.18,155.48,coconut
108.0,57.9,34.1,28.44,84.65,6.28,69.31,cotton
19.5,76.4,20.8,29.02,83.5,7.44,63.8,blackgram
28.3,12.5,38.4,20.41,89.98,6.69,110.38,pomegranate
67.3,35.5,36.1,26.3,83.64,6.08,241.78,rice
17.8,26.8,30.5,25.93,60.49,7.39,84.02,mango
17.0,84.8,17.3,24.88,34.55,6.29,99.57,kidneybeans
16.7,11.1,13.2,15.39,91.69,7.69,110.64,orange
32.9,75.2,78.3,18.06,30.78,6.89,91.94,chickpea
18.0,21.6,49.0,18.48,90.07,6.49,110.17,pomegranate
13.1,124.0,194.1,30.33,77.95,5.52,88.33,grapes
38.1,50.5,16.8,30.28,63.81,6.89,64.12,mungbean
70.1,57.7,24.2,25.58,68.21,7.05,99.37,maize
20.1,60.0,91.4,21.66,34.32,7.52,98.03,chickpea
33.3,71.8,62.4,34.97,90.85,6.75,56.21,papaya
13.1,25.7,29.6,32.18,55.56,6.32,90.75,mango
14.3,19.5,36.4,19.87,94.67,6.24,115.75,pomegranate
67.5,45.7,30.7,22.99,50.13,7.02,62.12,maize
19.9,62.1,19.5,27.0,51.03,6.59,129.88,pigeonpeas
111.0,17.5,38.1,20.96,65.21,6.36,197.88,coffee
84.8,54.5,18.0,18.55,69.52,6.42,63.49,maize
98.7,53.8,33.2,26.08,73.21,7.15,152.94,jute
19.2,60.8,28.4,22.5,33.16,6.26,95.83,kidneybeans
12.9,12.4,34.6,29.53,92.43,6.57,188.47,coconut
19.0,22.9,22.3,22.45,88.81,7.87,121.45,orange
18.9,55.5,23.9,30.04,40.83,6.41,46.22,mothbeans
111.0,28.0,29.7,19.46,62.58,6.68,161.83,coffee
10.9,120.2,209.8,28.18,78.65,5.97,68.0,grapes
31.8,130.4,190.4,17.51,88.09,6.12,105.18,apple
99.5,51.1,47.7,24.8,74.92,7.43,156.76,jute
62.8,52.5,40.4,27.47,76.01,7.36,154.52,jute
85.5,24.3,28.1,22.63,54.42,7.11,151.93,coffee
23.0,62.6,23.0,33.24,63.09,7.41,83.85,blackgram
21.5,142.1,199.8,15.58,75.64,6.04,81.56,grapes
20.5,135.7,206.8,16.11,92.95,5.68,124.24,apple
81.4,41.5,15.2,20.17,74.4,7.1,117.57,maize
40.8,78.1,89.6,16.52,32.52,7.08,71.3,chickpea
29.4,65.8,27.4,23.21,24.55,5.85,81.75,kidneybeans
16.2,80.6,23.2,26.97,69.52,6.42,75.93,blackgram
20.2,58.9,18.1,28.77,44.89,6.2,92.31,pigeonpeas
40.6,57.1,75.2,23.56,19.54,7.67,71.17,chickpea
23.9,8.5,22.1,17.38,89.01,6.15,116.36,orange
19.3,45.1,15.3,27.2,49.25,7.53,56.54,mothbeans
18.0,58.4,21.2,31.48,81.36,6.27,62.39,blackgram
18.0,22.5,45.6,23.49,90.19,7.29,107.83,pomegranate
116.0,24.2,33.8,19.75,69.37,6.32,163.37,coffee
70.0,42.3,45.1,22.75,76.54,6.08,174.18,rice
95.4,21.9,54.2,27.39,89.68,6.31,24.38,muskmelon
28.2,65.0,22.8,20.77,58.18,5.06,99.35,pigeonpeas
28.8,11.1,30.2,22.63,87.89,6.38,106.62,pomegranate
107.2,50.2,31.8,30.66,75.45,7.82,63.24,cotton
19.5,52.3,29.4,30.03,62.49,6.93,57.01,mungbean
31.8,140.7,190.9,18.39,89.12,5.6,107.08,apple
88.1,76.4,45.1,25.01,86.23,6.29,116.2,banana
12.5,21.1,44.9,25.86,92.8,7.44,137.88,coconut
29.4,139.0,205.3,16.68,76.61,6.23,72.94,grapes
100.0,81.2,57.5,29.94,79.21,6.06,156.7,banana
41.8,61.5,57.5,28.25,93.27,6.83,108.05,papaya
43.0,80.4,88.4,15.89,24.75,6.16,76.3,chickpea
36.4,48.0,17.9,26.91,83.06,6.4,78.36,mungbean
79.2,38.1,19.8,26.88,53.56,6.5,97.09,maize
37.4,59.2,15.1,28.2,72.65,6.34,49.98,mungbean
21.2,24.9,14.1,27.14,92.93,6.99,125.71,orange
16.3,59.8,27.2,26.33,67.0,6.68,75.51,blackgram
82.9,17.1,50.0,31.41,93.53,6.58,25.2,muskmelon
101.6,12.5,46.0,31.02,56.6,6.15,40.66,watermelon
27.4,58.6,15.2,28.03,80.94,7.19,68.87,blackgram
18.9,21.2,9.9,30.01,90.61,7.22,126.25,orange
92.6,37.4,32.9,22.93,70.43,6.4,98.61,maize
31.1,66.4,15.8,26.39,61.58,5.65,113.8,pigeonpeas
23.5,139.0,201.8,17.94,86.49,5.87,112.46,apple
28.8,65.8,16.9,30.89,75.75,6.3,73.56,blackgram
28.0,77.3,22.6,29.22,71.94,6.04,70.07,blackgram
32.5,63.8,47.9,28.55,86.56,6.13,40.97,papaya
23.0,9.9,23.1,16.69,91.56,7.58,110.65,orange
25.8,72.9,16.2,31.15,56.43,6.26,181.13,pigeonpeas
105.0,82.3,50.1,30.6,85.5,6.05,148.77,banana
23.4,28.8,46.5,18.29,89.71,6.6,106.2,pomegranate
24.9,69.3,91.5,17.47,27.81,7.33,66.51,chickpea
32.6,63.7,23.0,29.0,88.61,6.96,54.91,mungbean
26.5,53.2,17.8,33.05,89.02,6.4,64.74,mungbean
34.9,63.5,74.0,21.3,16.09,7.5,72.7,chickpea
26.4,144.8,196.3,18.84,94.09,6.34,119.95,apple
27.0,142.2,196.6,19.93,94.16,6.46,127.81,apple
15.0,76.4,20.3,17.54,15.26,6.04,111.07,kidneybeans
105.4,28.4,54.0,28.76,92.42,6.7,28.91,muskmelon
35.9,62.2,17.9,25.07,56.91,4.69,153.45,pigeonpeas
29.9,38.2,15.3,31.28,39.44,8.83,69.97,mothbeans
86.1,14.8,49.5,27.16,68.08,6.44,63.28,watermelon
97.7,21.0,46.6,31.6,85.99,6.85,20.0,muskmelon
36.5,60.1,27.8,18.19,47.91,6.81,192.83,pigeonpeas
15.1,15.6,24.2,16.52,91.83,7.92,109.02,orange
67.0,57.4,38.4,24.6,85.38,5.59,174.94,rice
55.9,71.1,60.5,30.19,94.82,6.69,118.04,papaya
22.4,57.3,17.5,19.78,34.31,6.06,117.04,pigeonpeas
23.6,67.6,92.5,15.71,16.6,6.71,97.67,chickpea
14.3,141.7,206.2,23.24,82.46,5.9,80.35,grapes
42.4,69.2,71.7,24.58,33.85,7.57,99.65,chickpea
28.9,10.3,9.5,31.28,89.59,6.42,121.21,orange
32.8,74.8,24.4,27.83,71.34,6.15,81.57,blackgram
95.7,43.0,20.6,28.71,69.36,7.19,64.56,cotton
11.2,136.8,191.7,33.07,84.07,6.2,87.79,grapes
27.4,147.0,196.4,21.52,92.08,6.28,116.92,apple
94.9,52.3,33.2,30.43,76.74,6.44,64.35,cotton
26.9,81.9,22.9,27.9,38.83,5.84,103.58,pigeonpeas
15.6,47.9,28.1,28.01,62.84,7.14,70.3,mungbean
89.8,15.8,55.5,25.55,86.18,6.18,27.75,muskmelon
14.2,18.5,30.6,27.95,94.37,6.04,190.04,coconut
116.3,47.4,25.0,27.22,68.88,7.22,105.15,cotton
96.8,87.3,62.5,30.64,80.57,5.71,162.01,banana
19.2,120.3,191.5,17.23,85.33,6.0,109.42,apple
99.4,57.6,47.4,25.72,85.02,7.28,183.92,jute
24.9,123.3,198.5,15.36,75.34,5.98,68.95,grapes
106.5,90.2,50.0,25.25,87.52,6.26,126.33,banana
83.5,41.3,46.4,23.49,83.98,6.66,186.56,jute
25.4,13.8,32.4,29.79,95.0,6.64,191.29,coconut
38.6,69.7,20.1,34.24,60.73,6.87,76.47,blackgram
18.6,75.8,18.1,18.92,32.91,5.7,90.47,kidneybeans
108.7,87.8,51.5,22.25,86.25,5.71,166.76,banana
37.4,74.7,28.2,19.85,76.26,7.34,75.5,lentil
106.0,10.4,58.6,28.84,86.7,6.82,23.69,muskmelon
114.7,27.5,41.4,26.88,55.19,7.27,163.64,coffee
48.7,65.5,63.2,32.73,89.51,6.39,59.18,papaya
84.2,95.7,51.2,31.71,76.77,6.46,107.28,banana
23.4,30.6,40.5,29.89,60.95,6.69,92.58,mango
38.3,71.3,22.9,26.41,60.02,7.22,62.63,blackgram
36.4,77.9,17.2,27.66,63.08,6.55,126.48,pigeonpeas
100.7,27.9,59.0,29.88,60.81,6.3,63.49,watermelon
119.0,60.5,32.6,26.6,77.48,6.44,63.89,cotton
23.7,71.8,80.3,22.29,28.05,7.69,87.7,chickpea
76.0,52.4,25.7,23.47,69.12,7.13,103.09,maize
82.0,98.6,47.8,29.08,76.02,5.61,140.71,banana
21.6,68.9,23.2,24.49,89.96,5.97,67.71,lentil
26.9,23.4,42.9,26.58,90.88,5.62,205.21,coconut
32.1,56.2,59.4,26.25,91.3,6.66,98.7,papaya
95.8,56.3,49.6,31.79,85.45,7.43,193.36,jute
18.5,148.2,198.6,22.17,79.41,6.02,78.96,grapes
80.8,90.1,54.4,25.47,87.94,6.35,101.78,banana
17.6,20.0,37.6,27.81,91.25,5.84,205.21,coconut
11.3,12.8,7.9,18.91,91.18,6.13,113.94,orange
116.3,60.1,20.9,24.85,80.86,7.84,98.96,cotton
26.3,63.4,25.2,26.41,36.59,5.47,33.72,mothbeans
101.0,19.1,55.6,25.17,57.8,6.58,69.55,watermelon
23.4,79.5,15.6,33.71,75.38,6.6,74.92,blackgram
103.2,14.8,59.6,26.76,88.95,6.98,22.45,muskmelon
75.7,47.4,28.9,18.03,65.49,6.21,107.65,maize
26.1,16.0,10.4,28.36,87.7,7.47,118.31,orange
27.3,49.2,22.4,30.77,59.12,6.12,43.33,mothbeans
92.4,37.6,43.6,29.12,86.91,6.44,211.78,rice
100.5,91.4,50.5,23.22,83.34,5.83,135.4,banana
30.7,139.2,205.5,19.03,92.23,6.18,128.9,apple
98.8,57.5,17.6,24.82,50.61,5.54,79.42,maize
85.0,33.5,48.8,27.53,81.7,5.78,269.1,rice
22.0,141.4,201.1,16.09,94.32,5.95,122.03,apple
113.9,99.8,58.6,31.37,87.4,6.34,145.53,banana
96.0,31.4,27.5,24.72,50.07,6.16,174.56,coffee
12.7,127.5,200.9,30.98,75.36,6.48,73.65,grapes
16.5,16.1,34.1,30.2,94.43,5.55,191.01,coconut
96.4,29.1,48.7,29.24,87.12,6.61,27.23,muskmelon
87.7,25.0,51.8,28.0,89.04,6.71,29.18,muskmelon
103.9,24.2,55.5,28.6,85.87,6.66,29.11,muskmelon
69.0,48.4,41.3,29.3,89.94,6.05,153.26,jute
65.5,58.6,60.4,32.96,92.11,6.51,90.07,papaya
13.9,29.9,42.9,26.34,95.41,6.13,197.55,coconut
29.3,36.6,17.1,31.23,66.23,6.76,67.24,mungbean
108.2,73.0,63.2,24.15,78.07,5.68,101.12,banana
19.3,5.1,33.0,24.85,90.24,7.15,211.62,coconut
21.7,60.7,25.4,17.19,26.91,5.76,99.72,kidneybeans
33.8,127.4,203.5,15.43,93.38,5.67,120.92,apple
24.6,22.5,31.8,27.04,99.58,5.63,197.37,coconut
16.9,17.1,28.8,29.51,60.86,5.8,106.39,mango
58.0,47.7,62.8,33.82,86.05,6.99,63.8,papaya
24.9,13.4,32.0,24.95,91.47,5.87,152.82,coconut
25.6,5.5,24.4,28.77,92.51,7.52,111.67,orange
47.6,84.8,71.3,22.61,22.43,6.78,90.17,chickpea
15.7,58.5,15.2,30.1,61.27,6.31,51.42,mothbeans
108.2,12.3,59.1,30.96,94.54,6.21,25.04,muskmelon
94.6,54.5,35.2,22.05,88.37,7.36,233.51,rice
34.1,68.2,25.7,18.86,66.34,6.77,78.92,lentil
59.3,50.0,64.1,24.91,89.58,6.11,88.26,papaya
74.3,59.1,44.0,27.78,89.38,7.35,175.6,jute
107.5,19.3,47.1,28.2,88.76,6.58,24.39,muskmelon
81.2,22.3,61.1,27.5,66.09,6.8,58.32,watermelon
34.7,147.7,202.0,16.87,92.82,6.46,117.41,apple
73.6,51.7,31.3,23.78,85.79,7.08,197.81,rice
89.0,56.9,47.7,29.36,87.84,5.67,174.24,rice
25.0,12.7,23.0,18.01,87.92,7.1,109.58,orange
102.7,22.8,63.5,30.48,86.81,6.8,26.42,muskmelon
19.5,66.8,29.2,19.98,56.72,4.83,197.94,pigeonpeas
24.3,26.0,36.9,19.21,85.03,6.68,107.05,pomegranate
20.0,131.6,202.3,16.12,80.06,6.37,66.4,grapes
98.9,24.3,38.1,22.71,52.87,6.76,213.48,coffee
104.9,73.8,50.3,30.35,79.91,5.99,175.29,banana
20.1,77.2,23.2,30.38,49.39,6.1,111.5,pigeonpeas
23.6,34.1,35.2,34.05,64.36,7.19,92.39,mango
35.4,75.6,16.7,17.89,21.2,5.75,90.9,kidneybeans
106.8,22.7,58.8,29.34,63.99,6.69,42.09,watermelon
16.3,139.6,207.0,24.42,94.97,5.78,117.26,apple
24.7,74.8,21.6,27.08,32.15,6.94,193.46,pigeonpeas
71.5,53.5,34.6,23.69,56.5,6.77,92.4,maize
39.3,81.0,24.0,27.81,39.98,6.39,140.12,pigeonpeas
33.9,124.4,207.4,21.43,87.29,5.66,118.83,apple
104.6,42.5,18.4,29.34,75.76,6.04,75.5,cotton
80.3,27.2,54.0,25.03,89.02,6.19,26.24,muskmelon
112.0,74.0,47.2,31.22,86.27,6.09,161.53,banana
29.4,71.9,22.5,15.69,16.8,6.1,80.46,kidneybeans
22.5,29.7,40.7,18.79,93.28,6.38,115.55,pomegranate
11.3,34.5,38.6,28.59,59.03,7.01,111.2,mango
18.6,12.6,17.7,28.82,87.97,6.43,120.01,orange
30.8,47.9,50.8,30.58,85.99,6.56,49.59,papaya
14.5,20.4,41.3,24.61,86.96,6.96,116.35,pomegranate
106.7,19.3,55.3,26.66,60.53,6.66,43.6,watermelon
30.7,122.5,207.7,17.69,87.44,5.8,117.32,apple
23.9,17.3,32.1,30.5,94.95,7.49,165.71,coconut
37.7,48.0,59.9,33.52,91.51,6.14,114.79,papaya
20.5,72.5,77.6,19.5,34.15,6.8,93.59,chickpea
89.9,27.5,61.9,31.62,70.8,6.66,65.7,watermelon
35.3,61.7,25.8,24.43,75.83,6.58,55.75,lentil
30.0,9.9,37.2,27.36,98.86,7.01,179.7,coconut
32.7,83.5,18.7,22.46,75.62,6.04,69.95,lentil
70.5,45.8,16.8,26.43,63.85,6.11,83.82,maize
21.0,82.3,22.0,19.66,30.21,5.65,89.24,kidneybeans
37.0,74.5,28.5,26.73,34.6,5.43,112.2,pigeonpeas
99.6,47.2,31.2,27.95,75.96,7.82,86.8,cotton
104.2,18.5,47.3,28.04,89.57,6.55,21.06,muskmelon
38.0,74.5,16.6,19.02,29.58,6.28,67.09,kidneybeans
26.7,74.7,28.4,18.93,88.85,6.33,62.05,lentil
21.1,13.8,47.2,19.8,87.26,6.72,109.98,pomegranate
99.3,24.3,56.7,26.0,89.45,6.36,24.96,muskmelon
101.4,59.7,21.7,26.4,77.31,5.68,107.41,cotton
72.7,41.4,30.4,25.46,78.98,6.3,154.37,jute
26.7,36.6,15.6,32.17,76.14,6.76,52.16,mungbean
113.2,48.5,25.6,31.01,76.03,6.14,81.78,cotton
29.1,65.2,19.8,21.45,85.54,6.72,73.39,lentil
96.6,32.8,34.6,26.24,66.8,7.24,200.55,coffee
94.0,21.2,29.2,19.73,62.81,7.38,185.62,coffee
84.4,47.9,48.5,27.69,89.81,6.76,155.79,jute
82.5,25.4,38.1,19.71,57.43,7.4,180.97,coffee
47.3,56.7,64.2,31.99,87.08,6.38,83.52,papaya
36.2,65.9,26.9,31.17,51.81,6.72,178.56,pigeonpeas
105.0,46.5,33.0,24.44,70.72,5.81,97.96,cotton
30.2,68.3,26.1,21.2,32.05,5.4,142.17,pigeonpeas
20.5,136.1,205.6,21.29,79.82,6.47,80.16,grapes
107.4,14.0,55.9,29.46,90.22,6.43,21.92,muskmelon
19.4,72.0,23.7,19.9,27.89,5.73,93.16,kidneybeans
77.5,57.1,37.0,26.17,90.67,6.29,243.31,rice
38.3,73.1,24.9,19.02,87.27,6.78,69.61,lentil
16.7,26.6,25.9,27.43,97.62,7.41,218.55,coconut
26.0,60.7,25.3,33.82,66.11,7.31,42.99,mungbean
98.0,58.5,33.6,24.67,73.27,7.18,150.3,jute
27.3,44.6,17.9,26.48,64.12,6.17,47.79,mothbeans
28.8,83.0,81.9,15.87,27.34,6.23,73.81,chickpea
89.1,10.7,63.7,28.69,60.96,6.15,64.89,watermelon
97.9,20.0,64.6,30.65,73.23,6.25,63.18,watermelon
29.9,46.0,27.1,30.23,63.5,6.19,66.84,mungbean
37.8,46.5,24.5,27.44,45.32,5.52,60.49,mothbeans
26.7,48.7,23.7,28.57,64.93,6.76,81.51,mungbean
79.2,53.0,20.8,24.25,71.5,7.06,62.38,maize
94.0,61.0,29.2,25.53,67.44,6.86,97.12,maize
81.9,96.5,53.9,27.89,77.09,5.5,119.62,banana
16.6,79.7,19.4,19.44,15.44,5.8,90.16,kidneybeans
34.9,71.9,15.1,19.29,72.24,5.73,65.43,lentil
35.1,81.9,22.8,29.56,60.92,7.32,60.39,blackgram
26.6,11.8,43.1,31.99,99.19,7.06,201.24,coconut
29.5,63.6,20.5,15.84,61.57,6.01,38.34,lentil
25.9,73.3,78.4,17.07,25.33,6.01,60.31,chickpea
13.8,28.1,26.1,27.45,47.99,6.66,106.47,mango
89.0,36.2,44.1,26.71,76.14,6.23,192.0,jute
80.6,23.1,52.7,29.38,66.77,6.22,65.42,watermelon
29.6,149.0,193.2,18.62,80.66,6.14,82.18,grapes
39.6,83.1,96.1,22.66,30.77,7.33,70.41,chickpea
19.3,45.8,24.6,24.57,42.65,6.98,69.85,mothbeans
21.0,70.3,20.7,19.48,89.42,6.2,55.35,lentil
11.1,13.6,20.8,27.16,93.61,6.02,128.99,orange
109.4,11.5,50.7,26.7,87.49,6.38,28.18,muskmelon
91.0,25.2,54.7,26.41,86.24,6.35,21.38,muskmelon
110.7,56.6,26.2,24.23,83.84,7.24,71.84,cotton
17.3,22.0,42.1,20.56,94.04,6.75,109.3,pomegranate
36.1,48.8,18.3,25.07,63.37,3.97,37.96,mothbeans
39.3,45.8,22.2,26.84,53.89,7.8,58.61,mothbeans
92.6,38.5,32.4,28.36,87.58,7.25,260.26,rice
17.6,142.4,208.3,30.1,77.27,6.39,71.63,grapes
25.0,19.4,42.0,25.24,90.15,6.88,129.83,coconut
27.2,122.9,197.9,20.15,93.27,5.58,110.45,apple
19.6,23.6,25.2,34.19,57.07,5.91,116.78,mango
94.0,27.2,51.8,26.87,94.85,6.91,20.29,muskmelon
75.9,52.5,48.3,23.79,87.23,7.19,165.78,jute
27.1,47.5,29.7,27.01,66.46,6.44,48.64,mungbean
16.2,148.5,201.6,23.15,89.23,6.4,114.5,apple
13.9,21.5,48.5,19.03,94.71,7.42,117.69,pomegranate
29.4,45.3,27.1,25.91,37.85,6.78,40.43,mothbeans
108.2,50.0,27.5,24.08,80.88,7.87,104.56,cotton
86.3,63.7,16.4,18.51,57.05,6.02,74.82,maize
115.3,43.8,28.1,22.4,77.19,7.29,78.44,cotton
24.7,64.3,78.7,23.71,28.45,7.59,70.02,chickpea
105.5,15.1,53.1,27.99,65.67,6.66,41.25,watermelon
25.9,74.7,21.6,21.87,49.54,5.54,192.62,pigeonpeas
23.0,39.0,19.4,30.72,73.26,6.52,77.32,mungbean
29.1,53.5,15.6,29.03,79.47,7.05,71.91,mungbean
93.3,41.6,47.7,29.22,83.32,6.55,152.97,jute
70.4,36.2,41.2,29.76,73.91,6.55,150.83,jute
34.2,56.4,74.2,17.77,34.43,6.66,79.28,chickpea
10.5,16.3,46.4,21.88,89.51,6.43,105.96,pomegranate
27.3,21.5,34.3,28.57,47.98,7.42,96.17,mango
29.5,82.1,19.8,31.7,65.64,6.94,70.09,blackgram
38.0,76.2,90.7,18.75,18.34,6.86,65.7,chickpea
93.2,31.1,41.9,22.76,77.41,5.65,254.44,rice
43.2,46.9,54.5,25.51,92.15,6.96,95.28,papaya
31.6,59.7,25.3,26.28,72.76,6.37,82.45,blackgram
32.1,41.4,18.6,26.25,44.39,5.02,30.79,mothbeans
19.1,43.6,26.9,34.06,89.25,6.35,84.06,mungbean
13.8,15.3,28.4,24.18,92.12,6.57,168.16,coconut
27.5,74.4,22.7,19.68,40.92,6.91,184.76,pigeonpeas
27.6,61.0,18.6,25.79,70.69,7.12,67.53,mungbean
58.0,52.6,61.2,34.35,89.65,6.7,98.96,papaya
88.9,29.8,43.1,20.35,53.51,7.04,218.39,coffee
105.4,36.3,16.4,22.07,83.26,6.52,83.43,cotton
17.0,127.2,191.2,18.59,76.24,6.41,64.21,grapes
69.3,59.1,43.0,25.67,88.59,7.11,164.23,jute
21.3,61.8,15.2,16.3,69.28,5.73,79.36,lentil
90.7,27.9,46.4,31.84,67.33,6.18,60.37,watermelon
61.6,47.7,43.6,20.2,85.24,5.95,246.78,rice
66.3,57.0,34.8,31.73,81.95,6.36,174.86,jute
105.0,25.1,54.2,28.0,93.97,6.29,22.49,muskmelon
26.5,126.3,207.3,19.18,92.5,6.05,111.46,apple
22.0,8.6,14.6,26.19,89.33,7.36,113.54,orange
34.7,50.3,19.5,25.21,39.96,5.94,60.25,mothbeans
108.9,57.8,25.0,30.82,65.8,7.81,69.82,cotton
32.4,51.8,20.8,29.2,76.86,6.01,43.93,mungbean
26.1,25.7,44.0,25.21,94.98,6.66,152.93,coconut
83.8,28.9,39.5,27.93,63.87,7.03,186.04,coffee
35.6,75.3,79.4,22.74,30.46,7.04,99.04,chickpea
25.5,10.6,10.8,30.4,88.6,6.13,118.02,orange
26.8,24.1,39.4,31.98,92.59,6.97,175.14,coconut
28.8,6.6,12.0,31.29,85.83,7.29,129.17,orange
35.6,146.5,208.7,18.41,87.97,5.73,124.9,apple
29.6,35.3,26.4,32.13,70.99,6.08,77.75,mungbean
10.9,8.9,26.4,24.08,93.06,6.28,144.1,coconut
104.8,28.3,40.6,19.83,56.1,6.67,175.54,coffee
19.6,83.3,26.3,17.08,70.13,7.12,66.31,lentil
26.7,129.1,199.4,32.48,75.53,6.39,66.58,grapes
17.2,51.8,22.5,26.44,73.26,6.5,66.09,mungbean
15.7,72.5,15.2,22.87,21.13,5.54,95.3,kidneybeans
13.4,141.8,193.7,25.23,75.93,6.42,70.32,grapes
68.7,55.5,64.8,27.92,93.52,6.22,80.47,papaya
105.1,81.3,47.8,29.09,87.82,6.19,101.43,banana
107.7,17.1,26.0,25.85,57.69,6.16,203.39,coffee
15.1,17.0,37.1,31.48,57.86,7.22,99.46,mango
27.7,24.6,48.6,20.33,90.03,6.02,100.14,pomegranate
51.3,54.5,55.5,32.15,92.69,6.35,95.54,papaya
38.1,55.7,16.9,28.57,77.77,7.25,42.18,mungbean
28.6,122.8,197.4,29.18,77.26,6.16,64.93,grapes
24.9,9.3,37.1,26.31,97.97,7.1,197.54,coconut
60.8,33.1,46.0,22.14,88.05,5.98,164.92,rice
37.2,149.3,201.2,20.66,87.98,6.08,113.19,apple
35.7,79.7,17.8,22.01,68.72,6.09,48.34,lentil
49.4,69.5,95.9,20.89,22.51,6.57,68.13,chickpea
20.3,43.0,24.9,31.72,62.05,6.77,61.8,mothbeans
97.3,91.1,48.7,28.1,85.89,5.81,166.31,banana
18.7,50.3,21.9,34.01,87.9,6.58,64.59,mungbean
80.6,14.7,60.1,29.1,92.83,6.75,20.51,muskmelon
42.1,80.0,92.2,16.43,30.07,7.54,86.34,chickpea
48.9,66.5,71.2,15.31,22.76,6.32,60.93,chickpea
19.5,142.5,194.1,21.88,88.49,6.01,128.02,apple
27.8,14.2,39.5,24.66,95.91,6.46,217.8,coconut
20.1,55.0,15.6,31.68,38.48,6.49,182.3,pigeonpeas
19.9,123.9,208.7,16.44,87.04,5.75,127.99,apple
90.9,36.0,30.1,29.79,89.14,6.96,265.69,rice
44.6,68.8,59.8,34.03,85.59,6.01,95.93,papaya
95.0,14.8,56.8,28.1,89.47,6.36,20.17,muskmelon
13.8,128.1,207.1,26.43,79.55,5.65,73.49,grapes
24.6,63.3,24.2,30.68,54.86,4.23,59.44,mothbeans
71.0,52.8,42.1,30.61,75.91,7.37,187.19,jute
85.8,47.1,37.1,31.84,87.12,5.97,165.27,rice
83.3,42.6,47.9,29.81,81.84,6.02,206.95,rice
20.3,19.9,7.4,18.77,88.8,6.72,111.75,orange
119.5,21.7,36.7,25.79,68.41,7.13,197.22,coffee
38.3,129.7,197.3,15.45,90.89,6.22,123.21,apple
20.3,126.4,200.7,31.71,81.16,6.13,76.23,grapes
60.0,45.0,60.3,31.62,85.1,6.37,88.54,papaya
21.2,145.8,206.6,20.64,80.48,5.58,87.46,grapes
22.5,129.7,193.7,23.96,92.44,5.61,129.45,apple
21.7,128.2,190.6,31.42,77.76,6.3,68.65,grapes
17.0,18.3,25.7,28.24,63.07,5.98,88.26,mango
24.4,78.9,20.5,15.87,26.14,6.35,107.76,kidneybeans
10.9,149.2,190.3,33.95,78.69,5.51,80.67,grapes
83.6,18.2,45.6,26.48,89.32,6.42,20.44,muskmelon
22.8,68.9,20.9,23.64,87.88,6.11,73.88,lentil
17.2,60.9,19.8,26.78,67.18,6.63,52.56,mungbean
29.2,68.2,16.0,29.65,84.62,6.92,84.96,blackgram
105.9,15.7,57.3,31.85,90.96,6.72,24.45,muskmelon
36.3,76.3,75.0,22.81,26.68,7.9,61.7,chickpea
37.7,40.7,24.2,29.06,61.23,6.52,53.26,mungbean
24.9,14.5,10.9,28.63,91.97,7.87,104.96,orange
31.4,81.7,23.7,21.32,18.13,5.97,102.98,kidneybeans
82.9,10.8,60.1,27.4,74.91,6.1,65.67,watermelon
20.8,19.0,21.6,28.46,93.83,7.93,113.17,orange
29.6,16.3,43.1,32.95,51.28,7.45,91.52,mango
20.9,24.2,20.0,29.45,88.54,7.11,118.46,orange
17.2,10.9,46.9,24.38,93.21,6.19,119.96,pomegranate
18.3,56.4,26.6,20.71,82.82,5.8,60.73,lentil
15.4,34.0,34.3,24.65,59.59,6.16,106.14,mango
93.6,36.7,31.6,28.01,82.78,6.32,187.26,jute
87.5,15.1,57.6,30.1,72.53,6.85,68.95,watermelon
100.1,14.7,53.8,25.12,86.52,6.09,22.4,muskmelon
37.3,52.1,27.5,31.93,35.73,8.0,56.97,mothbeans
86.0,12.3,61.9,26.07,60.69,6.96,51.37,watermelon
116.8,23.5,36.7,22.6,57.57,6.33,198.03,coffee
24.8,57.4,16.3,20.91,77.98,6.34,54.43,lentil
24.6,5.7,12.3,23.15,86.86,6.24,126.11,orange
104.5,39.1,22.7,23.16,69.0,5.63,81.91,cotton
81.7,28.7,56.7,29.89,90.25,6.83,20.33,muskmelon
107.9,63.4,18.9,31.06,66.07,6.27,74.41,cotton
27.1,56.1,16.0,26.94,66.44,7.11,49.46,mungbean
16.3,140.0,206.8,22.21,79.27,6.48,83.52,grapes
17.0,69.3,24.5,29.6,57.42,5.33,193.5,pigeonpeas
25.1,81.7,20.8,22.37,74.28,5.75,76.76,lentil
89.9,18.7,29.6,20.64,54.6,6.99,158.12,coffee
103.5,16.6,56.8,30.01,93.89,6.84,26.08,muskmelon
10.6,20.4,33.2,31.37,95.0,6.92,141.89,coconut
30.0,16.4,25.9,26.39,64.42,7.46,106.2,mango
83.2,19.9,30.1,18.95,57.77,6.88,190.47,coffee
97.9,52.9,32.8,30.42,84.75,7.29,269.98,rice
65.2,58.6,42.1,22.74,88.43,6.74,203.72,rice
82.3,19.3,64.8,30.16,74.24,6.78,66.25,watermelon
38.0,55.4,23.3,28.37,46.98,4.76,196.97,pigeonpeas
32.0,72.1,29.2,19.43,77.98,6.45,76.98,lentil
27.9,130.3,210.0,15.07,75.28,6.32,65.98,grapes
106.7,28.0,43.8,25.13,65.93,7.36,197.25,coffee
25.5,13.3,24.4,27.51,85.15,7.76,103.02,orange
119.7,39.0,30.2,31.36,75.24,5.51,78.75,cotton
23.1,25.5,46.3,21.45,87.05,7.11,113.99,pomegranate
28.2,148.3,190.1,24.28,75.25,6.41,75.55,grapes
26.4,77.0,20.5,15.19,63.02,6.49,66.05,lentil
92.5,15.7,41.2,19.29,64.44,6.12,176.27,coffee
28.0,13.0,12.7,15.06,91.13,6.06,115.12,orange
48.9,57.7,90.6,19.94,22.75,7.27,88.15,chickpea
10.7,149.9,207.5,20.95,77.57,5.88,70.69,grapes
21.8,73.1,90.6,16.14,22.68,6.91,74.76,chickpea
25.1,9.4,15.0,20.95,92.72,7.24,114.28,orange
10.9,24.7,10.3,17.15,88.7,7.48,108.82,orange
90.7,83.2,60.9,28.1,76.66,6.13,114.94,banana
38.6,65.1,23.4,25.95,66.01,6.62,66.19,blackgram
74.2,49.9,49.6,31.98,85.49,6.61,174.72,jute
14.0,134.2,199.8,15.37,76.48,5.88,80.51,grapes
13.1,15.8,7.0,20.41,90.28,7.89,111.74,orange
25.6,11.8,27.9,26.33,95.08,6.18,176.84,coconut
24.5,55.2,15.1,19.61,74.65,5.55,65.91,lentil
43.8,56.0,87.5,24.95,32.11,7.04,62.55,chickpea
109.2,74.9,56.3,25.13,77.67,6.36,132.28,banana
65.9,65.3,57.4,31.17,93.29,6.88,91.41,papaya
108.5,20.8,58.4,24.8,62.61,6.77,61.21,watermelon
82.8,15.3,63.0,26.99,91.54,6.53,25.96,muskmelon
12.3,28.8,33.2,26.27,53.06,5.65,107.82,mango
19.1,132.3,201.1,19.87,75.52,6.44,65.6,grapes
68.2,38.6,27.3,24.97,66.1,6.56,62.52,maize
54.3,56.0,48.6,30.93,94.95,6.47,97.89,papaya
90.7,13.9,49.1,25.5,64.78,6.8,57.07,watermelon
24.8,71.3,17.4,27.68,35.86,5.43,145.37,pigeonpeas
24.2,50.8,27.1,28.62,75.73,7.01,53.47,mungbean
37.4,148.9,199.6,16.04,92.85,6.2,110.64,apple
106.3,16.9,56.2,27.47,64.18,6.97,48.88,watermelon
88.8,38.9,41.3,25.71,88.27,7.37,259.89,rice
25.1,148.0,194.4,31.73,81.9,6.37,83.91,grapes
26.5,134.4,203.5,23.7,80.59,5.56,80.89,grapes
107.0,98.8,50.1,30.75,88.86,6.17,174.5,banana
45.6,75.0,87.8,23.92,18.71,6.16,69.58,chickpea
31.9,62.2,26.4,28.64,40.94,5.73,113.07,pigeonpeas
91.7,20.1,60.4,31.14,86.04,6.38,27.76,muskmelon
82.8,25.1,37.8,21.27,63.81,6.09,210.01,coffee
27.9,64.3,23.6,18.25,15.79,5.77,60.38,kidneybeans
82.0,29.9,59.0,26.14,85.12,6.17,28.38,muskmelon
67.3,57.3,41.7,24.81,84.24,7.39,173.0,rice
17.0,68.3,18.9,18.43,31.69,6.44,71.14,kidneybeans
85.0,48.6,26.7,19.51,68.42,7.23,73.0,maize
38.1,70.1,19.9,28.32,31.28,5.92,127.0,pigeonpeas
33.7,48.4,47.2,31.42,86.42,6.47,68.56,papaya
20.4,14.7,35.4,26.6,96.23,5.69,182.11,coconut
29.7,27.6,47.9,22.61,88.45,7.34,105.83,pomegranate
47.1,52.9,60.2,28.91,85.68,6.37,110.79,papaya
108.9,23.7,38.0,20.05,59.41,7.47,163.67,coffee
25.8,13.3,30.6,22.41,94.76,6.5,102.37,pomegranate
101.0,48.6,29.2,31.37,82.88,5.64,68.45,cotton
19.4,54.4,18.7,29.74,57.19,7.88,54.58,mothbeans
83.1,48.2,29.5,22.38,71.84,7.3,85.3,maize
29.7,10.4,44.0,19.77,85.4,6.6,118.7,pomegranate
27.1,51.2,27.3,26.72,84.23,7.04,67.79,mungbean
88.7,12.8,48.1,29.12,72.46,6.41,45.09,watermelon
96.8,95.2,56.8,23.92,83.72,6.01,131.89,banana
73.4,54.1,30.1,24.0,82.96,6.57,287.98,rice
25.2,70.6,28.4,20.75,30.79,7.08,153.48,pigeonpeas
13.9,130.7,193.4,17.13,84.07,6.5,64.92,grapes
65.6,38.8,37.3,25.47,90.7,5.9,227.14,rice
99.5,34.5,41.9,24.57,94.4,7.18,275.75,rice
25.3,30.3,30.8,24.9,45.23,6.35,96.41,mango
32.2,62.6,15.1,22.23,25.71,6.34,109.28,kidneybeans
92.3,39.1,32.0,28.21,83.8,5.74,224.28,rice
20.5,66.7,28.0,22.24,72.11,5.93,51.02,lentil
27.9,58.2,23.4,30.53,63.44,6.19,66.48,mungbean
71.0,37.4,16.7,26.05,54.8,6.15,73.6,maize
16.9,59.0,24.7,28.4,81.24,6.84,67.68,blackgram
74.7,37.0,15.5,19.22,74.08,6.6,117.95,maize
90.2,40.8,33.3,29.84,76.9,6.2,165.74,jute
22.2,73.9,16.8,31.55,68.5,6.0,63.81,blackgram
23.5,29.9,25.6,24.73,90.77,6.3,202.16,coconut
89.9,91.9,53.8,24.98,81.84,5.57,163.89,banana
100.4,85.9,62.5,26.62,79.19,5.73,169.94,banana
94.8,44.4,47.6,29.56,72.08,7.25,184.11,jute
97.4,18.4,34.9,24.63,59.95,7.0,154.65,coffee
63.6,68.6,58.1,28.06,94.64,6.88,91.55,papaya
26.7,27.6,36.4,30.03,97.52,5.81,136.42,coconut
84.3,21.2,48.7,24.31,55.72,6.83,57.74,watermelon
36.4,60.2,46.7,22.6,90.2,6.25,47.63,papaya
25.2,139.8,202.7,18.83,91.13,6.31,100.79,apple
87.2,19.8,46.5,24.28,64.37,6.4,44.11,watermelon
12.3,33.2,28.9,30.74,64.71,7.26,118.26,mango
28.8,74.8,19.8,19.81,78.52,6.31,43.93,lentil
80.4,91.5,51.9,29.87,80.08,6.32,110.46,banana
28.5,73.2,18.3,26.76,50.01,5.05,96.55,pigeonpeas
23.1,9.7,8.7,15.17,89.72,6.86,107.02,orange
29.0,26.7,48.1,23.7,89.59,6.38,107.41,pomegranate
64.4,55.4,32.5,24.77,90.95,5.8,184.39,rice
37.0,124.6,207.2,18.29,88.68,5.54,109.81,apple
19.5,12.8,11.9,15.37,88.6,7.78,120.71,orange
39.9,63.7,17.2,27.41,88.08,6.78,70.94,blackgram
25.2,23.0,43.1,24.27,94.48,6.86,129.52,coconut
67.0,55.7,19.0,22.82,52.42,6.4,105.37,maize
89.8,47.5,49.2,24.5,80.71,7.24,183.54,rice
99.1,64.0,20.6,27.89,84.87,7.7,86.82,cotton
81.0,19.4,62.7,26.89,73.65,6.63,68.02,watermelon
101.6,26.7,52.9,28.95,87.28,6.62,20.12,muskmelon
22.8,75.7,19.1,16.91,18.69,5.84,85.8,kidneybeans
66.2,51.5,43.2,20.33,79.44,5.96,250.78,rice
95.1,21.2,51.8,25.5,94.44,6.77,28.39,muskmelon
34.3,65.2,17.1,23.58,69.27,6.82,60.49,lentil
113.5,15.3,44.1,25.78,65.36,6.12,166.28,coffee
100.6,29.9,52.9,29.0,74.26,6.83,53.91,watermelon
18.2,28.6,33.7,31.88,90.57,6.94,178.1,coconut
32.0,56.9,62.1,31.81,90.17,6.57,50.39,papaya
90.4,18.0,52.2,30.61,64.04,6.52,69.47,watermelon
16.0,75.0,19.8,23.98,32.76,5.83,114.06,kidneybeans
23.6,31.2,27.2,26.76,62.89,6.93,105.58,mango
114.7,41.7,21.7,24.24,74.04,7.71,77.26,cotton
49.8,58.0,53.2,28.56,88.67,6.75,109.94,papaya
44.9,67.0,53.1,30.16,92.7,6.55,83.16,papaya
25.6,22.3,44.6,28.78,48.01,6.43,107.16,mango
23.4,23.0,5.3,29.5,90.21,7.24,102.74,orange
38.7,58.0,19.0,30.91,81.64,7.41,84.08,mungbean
88.6,72.1,56.4,29.56,76.66,6.34,144.44,banana
34.5,58.1,18.4,34.22,77.78,6.57,65.1,mungbean
26.4,40.1,19.0,30.09,64.42,6.92,68.29,mungbean
27.8,50.8,23.4,25.37,36.92,5.57,53.74,mothbeans
40.0,77.6,28.0,21.51,85.69,5.72,50.65,lentil
16.5,9.9,17.2,30.31,88.07,6.37,125.16,orange
32.2,57.0,80.5,16.11,31.16,7.9,62.89,chickpea
98.2,10.5,63.6,29.8,85.34,6.82,22.0,muskmelon
69.7,32.8,47.9,30.81,87.66,6.18,202.38,rice
31.4,76.3,15.1,17.18,28.23,5.98,60.32,kidneybeans
22.0,60.2,20.7,23.01,22.84,6.25,67.53,kidneybeans
28.0,73.4,18.5,24.77,45.02,4.72,101.68,pigeonpeas
92.1,38.5,33.5,29.01,91.14,7.48,211.89,rice
18.3,59.8,29.2,30.31,61.75,7.47,112.91,pigeonpeas
39.6,59.6,83.2,21.15,16.67,7.76,92.14,chickpea
119.0,41.9,17.9,31.13,78.38,6.59,88.66,cotton
19.3,75.0,24.1,21.44,62.64,7.29,52.52,lentil
107.8,64.9,30.7,24.74,70.29,6.34,102.16,cotton
19.1,60.5,18.0,23.41,31.79,5.69,146.29,pigeonpeas
105.1,26.3,57.9,26.93,61.08,6.01,65.01,watermelon
21.6,70.6,21.8,15.12,76.7,6.82,61.64,lentil
27.2,50.4,19.0,29.55,74.12,7.06,87.03,mungbean
38.4,81.2,91.7,16.21,33.05,6.13,81.36,chickpea
69.9,40.7,45.2,20.17,77.32,5.59,156.11,rice
89.9,45.1,34.6,30.79,82.68,6.59,285.97,rice
22.9,131.7,198.7,15.74,89.98,5.99,117.65,apple
26.6,73.9,21.7,26.89,75.24,6.79,84.32,blackgram
26.8,120.9,209.5,17.22,89.73,5.56,115.66,apple
29.0,127.7,191.5,22.31,87.99,5.95,103.83,apple
32.3,56.2,27.6,29.48,79.1,6.33,80.31,blackgram
43.4,70.2,58.0,31.23,91.36,6.95,56.56,papaya
39.1,146.3,207.5,16.76,87.65,5.58,123.35,apple
27.5,135.8,196.7,19.16,83.0,6.12,74.04,grapes
11.6,33.6,39.1,27.63,52.82,6.98,104.06,mango
34.1,71.1,27.6,25.33,71.0,6.36,73.42,blackgram
92.2,21.4,60.8,29.58,74.91,6.01,50.65,watermelon
79.1,50.9,43.7,23.53,78.37,6.88,153.3,jute
27.5,56.5,15.5,20.51,23.76,6.34,69.64,kidneybeans
28.9,143.7,201.5,17.65,91.68,5.86,116.35,apple
28.0,28.9,37.9,19.52,88.74,6.5,103.52,pomegranate
105.5,62.3,15.9,29.66,76.45,6.56,97.2,cotton
30.3,81.9,27.1,26.16,55.56,5.59,160.51,pigeonpeas
16.5,25.6,46.8,20.27,93.39,6.16,116.75,pomegranate
35.5,46.3,52.6,30.1,86.12,6.31,73.42,papaya
91.7,53.7,31.8,25.93,76.15,6.6,216.23,rice
91.0,59.4,35.4,29.33,88.57,7.03,184.06,jute
27.7,59.2,29.7,21.5,32.57,6.49,155.49,pigeonpeas
64.8,56.7,41.9,28.15,90.78,6.5,163.04,rice
26.5,79.9,27.4,27.93,33.69,7.02,163.81,pigeonpeas
27.1,140.3,193.4,18.8,84.27,5.53,73.88,grapes
64.7,47.3,31.8,21.45,64.3,6.68,71.07,maize
20.9,32.5,35.9,26.62,62.02,6.61,88.27,mango
35.3,73.8,97.8,15.19,24.54,7.38,88.91,chickpea
23.0,61.0,28.2,26.8,32.91,8.21,42.46,mothbeans
23.6,137.5,201.1,32.19,76.02,5.85,76.15,grapes
99.4,17.0,50.5,28.62,73.67,6.03,63.08,watermelon
22.9,25.0,40.7,25.53,96.5,5.9,178.33,coconut
22.1,43.4,21.1,31.99,31.92,7.26,33.3,mothbeans
82.1,18.4,56.7,26.03,92.65,6.74,29.03,muskmelon
114.2,48.7,31.9,31.89,66.44,5.61,67.48,cotton
65.1,45.7,45.4,22.59,87.46,5.67,157.75,rice
96.1,27.2,46.2,28.69,90.39,6.86,20.98,muskmelon
85.6,61.0,24.1,22.64,62.22,6.83,68.38,maize
15.6,29.1,31.1,22.96,90.32,6.72,104.47,pomegranate
109.8,10.2,55.8,29.02,94.14,6.51,25.44,muskmelon
63.0,46.6,49.4,26.28,87.59,6.89,218.18,rice
10.4,125.1,201.3,29.07,77.02,6.17,65.47,grapes
107.8,47.6,18.1,26.69,78.82,7.5,84.67,cotton
101.1,30.0,53.7,28.0,93.43,6.81,27.31,muskmelon
89.5,32.5,42.1,22.94,82.79,6.08,203.35,rice
35.5,54.4,24.7,25.03,52.76,9.89,66.47,mothbeans
100.1,26.6,56.5,28.26,91.37,6.3,21.83,muskmelon
96.1,13.2,45.2,27.96,86.37,6.16,20.77,muskmelon
26.9,46.7,28.3,31.15,41.75,7.5,67.08,mothbeans
26.6,58.6,29.7,17.15,16.34,6.09,104.33,kidneybeans
19.1,49.6,26.1,33.67,78.79,7.0,46.31,mungbean
20.5,12.1,41.2,25.49,92.9,5.87,187.42,coconut
90.1,39.8,32.6,25.85,50.73,7.15,67.73,maize
78.0,40.8,22.4,21.73,70.69,6.97,106.16,maize
24.2,74.5,25.9,17.1,86.54,6.73,54.29,lentil
80.9,23.2,52.4,29.17,62.12,6.67,61.88,watermelon
21.9,68.8,92.0,21.07,28.46,6.16,98.06,chickpea
15.4,21.3,12.2,23.16,94.66,6.48,121.64,orange
11.8,22.2,35.8,19.12,90.45,6.8,101.52,pomegranate
105.5,20.2,59.1,26.35,91.88,6.27,28.32,muskmelon
27.6,77.4,17.1,17.52,81.95,5.83,50.81,lentil
86.1,15.9,35.8,20.35,56.02,6.37,195.51,coffee
106.1,25.5,46.7,31.23,89.72,6.74,21.4,muskmelon
22.0,70.6,75.4,24.71,17.27,6.81,89.52,chickpea
94.0,27.2,55.1,29.78,90.88,6.84,22.85,muskmelon
29.4,81.0,19.3,19.68,27.39,5.91,85.65,kidneybeans
53.6,46.7,46.0,33.48,93.41,6.35,89.44,papaya
67.8,40.0,39.4,31.2,70.2,7.17,152.88,jute
21.3,19.0,21.0,27.26,92.0,7.92,117.89,orange
21.2,121.7,193.4,20.71,77.83,6.17,60.55,grapes
39.2,63.3,20.0,28.57,61.84,3.54,62.43,mothbeans
39.4,84.2,95.4,15.24,32.97,7.57,91.22,chickpea
90.2,38.8,31.5,25.04,67.72,5.57,78.19,maize
92.2,59.4,26.6,24.36,82.89,5.61,70.09,cotton
86.1,23.7,60.3,30.72,60.84,6.93,56.59,watermelon
89.0,59.5,19.3,22.55,71.02,6.97,92.53,maize
18.5,52.1,28.0,28.66,55.13,5.92,33.7,mothbeans
100.4,14.9,57.0,26.8,88.33,6.44,25.29,muskmelon
48.5,63.9,72.8,20.99,27.47,7.3,70.7,chickpea
26.5,62.7,26.3,25.18,41.23,6.29,199.53,pigeonpeas
60.4,47.5,24.6,18.17,56.5,7.02,68.23,maize
88.5,16.4,51.2,30.24,90.57,6.88,23.07,muskmelon
95.9,98.6,59.1,22.42,88.6,5.98,136.83,banana
102.7,23.0,48.6,25.36,91.83,6.25,25.0,muskmelon
106.7,25.4,53.2,25.47,73.83,6.53,65.57,watermelon
115.0,44.3,16.3,22.75,70.04,5.95,98.72,cotton
29.5,27.4,30.8,26.61,93.72,6.29,130.03,coconut
86.2,36.5,38.7,31.22,85.83,6.46,196.24,jute
42.3,77.1,85.6,15.68,22.42,7.84,83.38,chickpea
26.6,12.2,32.2,21.0,85.99,6.93,102.87,pomegranate
28.4,74.1,17.9,20.96,31.45,5.47,151.57,pigeonpeas
56.5,46.9,62.4,24.41,87.25,6.66,77.5,papaya
108.8,38.9,32.6,30.29,78.04,6.65,106.65,cotton
97.4,29.8,52.4,27.66,61.49,6.18,44.29,watermelon
28.5,148.0,200.3,21.12,79.6,5.69,79.09,grapes
25.1,29.0,30.9,25.32,95.03,6.49,137.49,coconut
20.9,76.9,15.6,25.95,60.2,6.23,62.07,blackgram
94.5,58.5,32.9,31.12,84.84,6.02,218.87,rice
35.7,65.7,51.7,25.39,94.57,6.78,102.97,papaya
23.6,24.5,49.3,19.82,85.18,6.82,114.14,pomegranate
18.8,130.2,195.9,19.23,77.66,5.59,70.41,grapes
16.2,27.3,35.7,26.4,48.28,5.97,100.1,mango
82.2,11.8,58.0,27.9,70.81,6.92,51.65,watermelon
33.8,79.1,22.8,16.4,28.42,6.12,104.54,kidneybeans
19.4,75.2,18.3,17.18,32.48,5.75,75.79,kidneybeans
32.9,55.9,84.4,21.62,17.37,6.58,75.91,chickpea
34.8,67.1,85.9,20.95,15.2,6.93,98.54,chickpea
40.1,72.7,63.5,32.39,94.82,6.81,40.82,papaya
83.0,23.8,45.6,29.32,86.41,6.95,29.33,muskmelon
105.1,99.4,54.3,30.17,82.62,6.0,174.43,banana
75.7,45.9,44.0,28.97,77.65,6.62,167.4,jute
37.7,79.6,28.3,20.79,39.95,5.37,131.48,pigeonpeas
15.2,79.2,17.6,21.06,70.11,6.67,49.2,lentil
63.4,51.0,31.5,29.86,89.12,5.66,162.73,rice
27.1,61.9,28.6,24.7,62.78,8.87,61.65,mothbeans
63.1,53.6,32.7,28.6,76.49,6.69,160.78,jute
26.9,27.5,34.0,24.39,91.88,5.63,138.87,coconut
38.6,56.3,22.5,20.84,87.61,5.6,60.81,lentil
69.5,58.4,20.5,25.4,60.59,6.84,65.73,maize
94.7,22.9,63.4,27.67,92.65,6.6,29.27,muskmelon
20.1,62.4,92.2,18.16,17.04,6.72,70.82,chickpea
16.0,130.8,204.4,27.23,76.79,5.88,74.04,grapes
17.2,23.4,39.8,28.86,92.91,7.35,175.19,coconut
116.2,31.4,39.5,24.1,61.6,7.5,169.46,coffee
93.9,20.9,34.5,20.15,55.68,6.09,171.28,coffee
93.6,40.8,31.8,22.63,70.97,5.53,94.78,cotton
74.3,38.4,40.9,21.69,91.04,5.65,298.03,rice
12.9,16.8,22.8,26.9,86.49,7.74,109.05,orange
14.6,132.7,201.1,32.77,78.26,5.63,74.68,grapes
16.8,125.4,201.7,28.3,82.13,6.38,71.14,grapes
23.9,74.0,17.8,28.49,49.1,5.11,122.11,pigeonpeas
95.8,54.1,27.3,18.6,62.96,5.8,104.25,maize
117.9,88.1,56.6,24.32,75.7,6.45,125.1,banana
33.7,66.9,79.1,15.66,19.56,6.49,79.36,chickpea
93.4,85.3,55.6,24.68,88.67,5.87,103.64,banana
38.4,58.0,24.9,33.24,79.43,7.45,75.7,mungbean
17.1,8.1,18.8,31.32,91.41,7.23,116.6,orange
94.4,26.5,61.3,31.33,60.96,6.95,44.55,watermelon
42.2,68.2,54.1,33.47,86.48,6.51,91.76,papaya
26.2,63.2,20.9,18.88,68.61,6.04,73.75,lentil
16.8,24.8,10.1,23.02,88.54,6.71,125.27,orange
26.9,138.1,199.1,23.16,79.97,5.54,86.78,grapes
15.9,68.4,27.2,30.39,33.03,6.12,190.46,pigeonpeas
95.6,40.1,37.5,21.13,86.57,5.57,219.84,rice
23.1,51.3,23.3,26.85,45.66,9.78,45.09,mothbeans
33.3,74.8,29.0,23.21,26.33,6.16,113.9,kidneybeans
19.5,29.1,32.9,24.21,92.24,7.39,121.38,coconut
16.9,14.8,38.0,18.13,92.72,6.26,100.88,pomegranate
34.3,69.2,24.3,29.56,86.82,6.75,85.25,blackgram
32.9,63.1,28.7,34.46,67.34,6.2,55.11,mungbean
20.0,70.3,71.4,17.76,29.14,6.13,93.57,chickpea
32.4,65.9,28.2,28.16,33.94,5.72,187.5,pigeonpeas
32.2,79.8,92.9,20.74,34.12,6.4,64.37,chickpea
23.2,38.4,28.1,31.36,64.94,6.64,54.36,mungbean
23.8,27.7,34.1,24.43,93.15,7.47,117.61,pomegranate
16.2,55.1,27.9,26.63,84.37,7.28,85.72,mungbean
16.7,81.3,20.8,20.42,34.36,5.57,98.9,kidneybeans
13.5,18.4,45.9,21.25,90.38,7.49,107.98,pomegranate
110.4,29.2,31.6,19.03,55.3,6.2,170.63,coffee
91.7,73.9,62.1,27.87,88.34,6.44,104.29,banana
18.5,76.5,21.6,19.04,64.11,6.51,40.69,lentil
86.5,29.7,61.8,30.31,61.6,6.54,44.11,watermelon
107.8,71.7,50.7,30.19,76.2,6.36,107.35,banana
27.4,24.6,35.6,24.82,97.1,6.23,128.57,coconut
30.2,60.9,18.8,16.74,88.74,7.21,45.37,lentil
20.0,21.7,30.9,24.74,62.91,6.88,84.86,mango
19.1,79.1,26.9,16.27,71.96,5.84,46.46,lentil
99.6,25.4,29.0,27.36,54.55,6.61,160.85,coffee
82.4,56.3,38.1,21.61,75.58,7.01,243.05,rice
31.6,62.7,16.9,25.59,69.16,6.24,65.22,blackgram
39.6,43.8,19.4,26.84,49.76,5.14,66.61,mothbeans
11.2,127.1,198.5,29.61,81.24,5.74,75.1,grapes
92.5,16.0,46.0,30.21,92.46,6.67,26.44,muskmelon
104.5,24.5,33.4,26.87,54.9,6.6,173.04,coffee
80.6,11.2,62.8,31.08,88.57,6.89,25.94,muskmelon
93.4,59.5,40.5,22.06,80.45,5.54,287.14,rice
20.0,61.3,25.3,27.2,73.16,7.17,83.52,blackgram
37.5,62.8,15.1,25.75,67.51,7.0,84.41,mungbean
24.3,35.8,18.3,32.8,66.04,6.12,63.72,mungbean
38.4,63.2,17.6,31.0,55.81,5.14,32.69,mothbeans
87.8,70.3,49.8,28.79,78.47,6.01,171.03,banana
19.3,64.5,21.4,18.09,68.42,7.44,41.9,lentil
39.2,68.2,19.2,22.98,21.53,5.8,73.95,kidneybeans
113.9,19.9,39.8,25.81,57.95,6.58,196.05,coffee
20.4,135.8,194.8,22.6,90.64,6.36,126.84,apple
103.0,27.9,60.8,25.56,66.99,6.33,40.28,watermelon
29.5,16.8,15.2,23.89,87.15,7.44,102.54,orange
96.8,14.9,64.5,30.37,63.26,6.15,63.56,watermelon
17.7,26.7,49.3,21.07,88.93,7.27,108.54,pomegranate
35.9,41.5,16.8,30.81,35.48,9.84,63.7,mothbeans
18.4,64.3,29.5,25.31,40.48,4.15,40.87,mothbeans
102.5,30.2,42.3,24.03,66.32,6.47,166.0,coffee
19.0,24.5,24.8,26.05,86.27,7.01,115.87,orange
21.2,29.3,39.6,31.33,62.42,7.24,103.16,mango
21.9,11.2,40.4,29.02,90.18,6.72,169.15,coconut
11.9,17.6,34.1,27.28,98.36,6.26,126.37,coconut
23.8,29.3,35.2,29.11,95.76,6.47,204.6,coconut
20.8,81.9,18.8,21.09,34.83,7.08,145.01,pigeonpeas
79.5,58.1,28.7,22.01,56.84,7.49,85.57,maize
87.9,51.1,37.2,23.52,91.19,7.12,280.06,rice
60.3,46.9,45.9,28.67,79.48,6.97,195.35,jute
29.3,65.2,24.7,18.96,61.41,4.86,126.06,pigeonpeas
88.5,56.9,40.2,26.39,77.14,6.39,229.89,rice
102.2,18.4,25.0,26.69,63.43,6.15,196.49,coffee
21.2,68.5,15.3,21.41,72.42,6.04,44.31,lentil
24.2,13.3,28.6,28.08,95.05,5.77,140.19,coconut
28.9,24.1,39.6,25.38,96.04,6.56,218.25,coconut
17.2,128.8,193.5,30.83,84.55,5.91,88.57,grapes
31.5,83.5,25.9,25.52,86.53,7.29,73.3,blackgram
18.7,63.7,19.6,20.22,79.91,6.26,67.38,lentil
98.2,35.5,18.9,18.07,66.19,7.3,74.61,maize
22.8,71.1,27.6,24.89,32.79,5.87,71.71,kidneybeans
23.9,17.2,36.3,26.74,53.63,6.77,90.28,mango
37.1,74.8,18.2,23.63,32.72,5.7,104.25,kidneybeans
14.3,25.7,43.5,29.08,91.06,7.29,199.25,coconut
11.5,123.3,197.7,33.8,81.93,6.37,70.99,grapes
14.3,15.4,33.4,23.03,92.7,6.69,114.28,pomegranate
94.7,80.9,64.2,26.44,86.33,6.25,121.24,banana
18.7,137.3,204.8,15.76,94.21,6.47,118.18,apple
94.6,37.3,27.8,30.15,80.05,7.54,93.29,cotton
81.8,19.8,60.5,25.21,67.23,6.24,66.02,watermelon
118.4,85.1,63.3,29.07,85.84,5.59,117.6,banana
36.2,68.6,21.4,16.57,72.79,6.57,36.01,lentil
43.5,66.0,61.9,29.73,92.84,6.75,85.74,papaya
11.9,22.1,39.0,24.57,86.23,6.32,100.59,pomegranate
98.3,10.1,64.8,27.55,93.48,6.53,21.3,muskmelon
20.9,26.7,42.7,27.56,95.08,6.33,164.94,coconut
16.1,24.5,34.0,31.79,57.47,6.79,108.56,mango
25.6,70.4,17.6,31.63,85.58,6.39,74.75,blackgram
86.9,80.2,53.2,25.49,86.45,5.6,128.1,banana
13.7,24.4,19.3,29.18,85.13,6.71,122.28,orange
35.2,42.4,15.9,26.32,85.76,6.95,52.66,mungbean
35.7,54.9,53.8,24.5,89.5,6.16,84.72,papaya
24.7,64.0,25.5,24.67,60.2,6.62,32.75,mothbeans
99.7,62.8,25.8,25.58,63.02,6.75,65.35,maize
37.8,73.3,23.2,21.5,42.01,7.06,151.51,pigeonpeas
88.9,20.4,27.9,22.1,51.5,7.13,205.14,coffee
29.6,84.3,23.0,34.05,62.49,6.29,73.22,blackgram
25.0,10.1,42.2,26.74,99.47,5.64,168.62,coconut
18.0,6.7,10.8,24.24,87.76,6.44,115.82,orange
35.1,84.9,18.8,19.37,75.61,6.09,35.69,lentil
40.0,73.2,21.1,27.25,67.71,6.72,71.02,blackgram
93.7,18.0,56.9,28.44,88.03,6.56,26.69,muskmelon
15.6,81.9,18.2,27.28,68.39,6.19,79.18,blackgram
48.7,51.4,63.7,32.36,85.56,7.0,95.59,papaya
19.9,79.5,27.0,29.86,68.95,6.96,68.64,blackgram
15.3,24.3,37.9,22.74,89.76,7.49,114.58,pomegranate
18.2,15.2,31.4,25.19,90.04,7.44,214.35,coconut
18.4,39.4,25.5,29.14,57.4,9.59,57.68,mothbeans
81.7,56.2,44.6,29.68,88.18,6.88,277.38,rice
80.8,34.5,29.4,24.64,58.7,6.09,183.05,coffee
18.7,39.8,26.9,28.93,31.57,7.55,42.36,mothbeans
36.4,75.0,21.5,31.34,55.17,7.29,148.03,pigeonpeas
78.8,39.6,41.9,29.24,79.37,6.15,173.43,jute
23.4,23.8,19.8,24.2,94.33,6.96,116.84,orange
95.5,54.4,20.7,25.34,71.53,7.19,115.14,maize
78.7,42.4,35.5,20.68,92.29,7.13,299.96,rice
14.6,7.1,7.8,23.71,88.21,6.85,129.47,orange
48.7,70.9,77.3,20.01,28.59,6.15,70.99,chickpea
67.7,52.0,48.8,24.91,75.12,6.22,186.84,jute
84.6,19.1,62.5,28.99,93.78,6.2,21.67,muskmelon
70.3,46.0,35.6,24.11,76.44,7.28,169.05,jute
44.2,68.8,86.4,19.33,15.88,6.33,77.82,chickpea
26.5,12.1,40.1,22.88,90.87,7.25,101.45,pomegranate
22.6,29.9,44.9,30.86,90.64,7.41,181.27,coconut
16.8,137.1,198.9,28.18,75.51,5.99,68.88,grapes
24.7,62.2,16.4,18.15,16.93,5.68,119.24,kidneybeans
92.2,28.5,52.1,28.21,94.82,6.2,20.65,muskmelon
25.6,70.5,20.5,22.41,83.53,7.03,67.52,lentil
25.0,125.3,197.4,15.57,76.37,5.67,61.63,grapes
18.2,40.4,22.4,24.66,36.86,9.63,69.06,mothbeans
102.1,16.6,35.5,25.91,51.62,7.33,190.48,coffee
35.2,133.9,193.6,21.47,94.93,6.12,101.07,apple
103.0,96.7,58.0,26.75,87.82,5.97,169.49,banana
94.0,39.5,33.4,26.68,93.72,6.89,235.51,rice
20.0,11.2,38.7,29.63,93.58,7.26,184.4,coconut
17.8,19.1,29.8,24.63,90.24,6.0,129.16,coconut
102.4,21.3,46.7,26.3,87.19,6.26,25.65,muskmelon
27.4,21.8,38.3,28.78,92.03,6.36,189.59,coconut
39.2,62.4,17.5,26.21,62.56,7.36,49.68,mungbean
107.9,77.7,56.3,27.33,77.07,6.09,125.18,banana
27.4,67.6,21.2,27.31,64.09,6.3,61.66,blackgram
104.6,28.2,61.3,27.14,90.87,6.91,23.21,muskmelon
27.7,15.2,17.9,21.7,89.68,7.81,127.92,orange
24.5,140.2,196.7,18.4,80.81,5.98,81.87,grapes
15.0,82.5,27.7,28.39,35.87,4.86,97.44,pigeonpeas
36.1,62.9,21.3,18.56,45.72,6.23,152.8,pigeonpeas
22.1,83.2,85.2,19.09,31.22,7.67,73.29,chickpea
85.6,80.4,52.8,27.11,88.94,6.37,110.76,banana
99.3,83.5,53.5,27.09,89.18,6.05,176.25,banana
24.4,53.8,17.2,30.58,38.23,7.74,46.21,mothbeans
18.1,81.3,29.6,20.48,55.27,4.62,134.6,pigeonpeas
87.9,57.7,44.1,21.83,86.53,6.71,213.62,rice
29.1,64.8,91.4,23.17,18.63,6.74,96.08,chickpea
98.0,92.3,54.3,24.28,77.99,5.93,160.44,banana
35.6,71.4,60.0,31.85,91.52,6.51,52.0,papaya
86.1,28.3,30.3,21.57,68.81,6.36,156.65,coffee
79.4,48.5,37.4,25.55,89.95,5.57,187.87,rice
90.3,16.7,64.7,28.17,57.81,6.22,54.46,watermelon
18.2,43.9,26.7,27.77,37.96,4.58,43.31,mothbeans
23.5,13.6,7.3,27.14,87.18,6.35,110.75,orange
84.8,82.5,46.5,22.99,81.24,5.81,174.04,banana
63.0,40.8,32.3,30.36,87.47,6.16,159.53,rice
24.6,21.6,19.9,25.72,89.27,7.8,119.53,orange
77.5,56.9,30.3,19.43,65.26,5.77,105.08,maize
37.8,66.0,20.6,28.84,85.1,6.98,78.43,blackgram
27.2,68.9,26.8,33.22,76.63,6.27,74.03,blackgram
21.8,21.1,43.1,21.48,85.32,6.92,114.32,pomegranate
99.2,50.2,39.4,26.87,81.46,6.14,196.5,jute
68.5,46.9,47.3,24.57,70.38,6.98,152.67,jute
10.4,14.6,26.4,30.34,97.37,7.3,143.64,coconut
114.3,41.6,25.7,24.24,70.19,7.03,62.04,cotton
117.5,92.1,54.2,27.69,85.39,6.09,170.3,banana
29.3,6.4,14.4,24.32,85.93,6.75,109.51,orange
14.7,21.1,34.1,28.43,91.22,7.1,198.41,coconut
19.3,21.8,30.2,26.6,99.32,6.86,202.66,coconut
12.1,34.3,43.8,26.13,48.23,5.98,100.62,mango
24.2,58.1,27.2,27.2,63.15,6.14,60.87,mothbeans
90.8,21.3,49.8,31.92,90.01,6.19,24.77,muskmelon
27.5,64.4,16.5,26.42,52.34,5.78,67.13,mothbeans
30.2,76.0,27.6,23.03,34.22,6.04,89.31,kidneybeans
26.9,132.9,202.8,24.45,86.12,5.95,105.77,apple
23.6,22.0,29.3,28.12,50.44,5.68,113.21,mango
40.1,75.4,80.9,20.94,15.2,7.27,96.53,chickpea
19.6,79.8,19.3,24.27,34.4,6.07,68.58,kidneybeans
33.1,61.9,15.0,22.15,65.14,5.71,45.69,lentil
16.7,35.8,18.7,33.81,72.48,7.08,85.91,mungbean
82.8,50.8,33.7,30.46,87.36,6.78,195.63,jute
83.3,39.6,42.1,23.51,82.18,6.83,182.76,jute
12.7,26.0,37.1,31.76,58.6,6.08,93.21,mango
37.5,67.2,54.6,27.9,93.51,6.71,42.63,papaya
29.8,28.1,35.8,32.42,61.8,7.11,80.66,mango
106.1,24.9,49.4,24.58,69.31,6.39,62.98,watermelon
42.9,66.6,85.3,19.92,26.55,7.73,99.23,chickpea
99.6,29.6,32.6,21.47,66.83,6.05,218.23,coffee
32.6,76.6,25.9,15.0,88.62,7.13,75.68,lentil
113.3,96.9,53.3,22.18,87.93,5.67,149.75,banana
25.4,58.5,24.2,24.38,28.24,5.58,81.28,kidneybeans
21.6,127.0,196.0,19.41,88.14,5.87,118.62,apple
13.1,10.4,12.9,19.76,87.28,7.61,119.15,orange
24.4,12.0,24.9,20.14,87.39,7.14,125.05,orange
22.3,145.5,199.2,15.24,89.95,5.58,129.56,apple
31.8,80.4,15.1,19.03,87.22,6.98,59.43,lentil
75.2,50.0,41.6,28.73,77.04,6.47,180.58,jute
22.4,52.1,26.2,28.79,69.08,6.69,80.9,mungbean
27.6,19.3,44.4,25.57,47.02,5.72,102.93,mango
103.1,23.4,62.1,31.57,90.8,6.24,23.99,muskmelon
35.1,42.4,28.5,34.11,88.3,6.78,73.85,mungbean
19.1,75.7,22.7,27.0,69.59,6.89,62.17,blackgram
110.4,45.2,22.2,25.14,79.24,5.9,60.65,cotton
18.4,28.8,25.7,29.97,96.43,6.0,170.73,coconut
16.5,47.4,23.2,29.36,82.46,7.24,78.56,mungbean
14.3,23.0,35.2,32.91,61.78,7.32,100.37,mango
69.3,36.3,15.4,26.89,60.69,6.27,100.78,maize
73.0,41.7,40.9,30.24,76.22,6.29,173.77,jute
22.4,61.3,26.5,17.53,32.31,5.6,67.56,kidneybeans
20.4,10.1,36.3,22.74,89.84,7.47,117.48,pomegranate
33.4,72.9,28.2,18.69,39.0,5.9,114.97,pigeonpeas
33.0,78.0,16.4,20.14,66.95,5.86,71.46,lentil
16.6,51.5,23.9,29.22,38.95,5.87,63.75,mothbeans
16.0,67.3,17.0,15.22,22.21,6.28,93.97,kidneybeans
39.5,84.0,20.9,22.28,21.92,6.17,108.33,kidneybeans
26.3,78.8,27.6,31.55,66.85,6.41,69.45,blackgram
36.9,59.7,21.8,31.06,80.76,6.57,86.07,blackgram
25.2,64.8,21.8,22.62,17.52,5.7,117.09,kidneybeans
28.7,69.3,28.8,19.02,39.82,5.55,176.07,pigeonpeas
18.7,11.5,28.5,25.11,93.66,6.49,126.3,coconut
10.3,31.3,32.2,30.38,46.48,5.85,115.59,mango
31.2,35.6,24.8,31.19,69.3,6.13,44.55,mungbean
28.6,127.7,195.4,23.23,77.43,5.63,85.72,grapes
18.2,60.3,29.4,31.93,84.04,6.6,70.09,blackgram
89.1,36.9,31.0,30.54,79.79,7.22,165.65,jute
65.0,57.6,47.4,26.23,86.83,6.3,158.21,rice
24.7,79.9,17.0,31.1,56.3,7.32,164.43,pigeonpeas
63.5,52.8,49.5,27.84,79.97,6.28,181.69,jute
99.6,12.4,48.5,25.98,74.47,6.4,57.97,watermelon
16.4,79.6,15.6,28.67,76.27,6.22,82.39,blackgram
11.4,122.8,201.7,16.03,78.37,6.25,68.83,grapes
19.2,64.6,27.3,26.25,32.45,3.87,34.82,mothbeans
67.1,45.0,38.4,30.98,82.25,6.66,244.84,rice
27.6,64.4,21.4,27.03,56.08,5.2,134.59,pigeonpeas
92.6,17.4,34.1,23.52,54.22,6.04,200.35,coffee
108.8,61.4,21.6,26.07,83.13,7.39,109.07,cotton
112.6,29.9,25.4,24.3,58.73,6.68,207.29,coffee
39.5,60.4,27.0,22.68,55.58,5.76,153.62,pigeonpeas
33.5,72.6,88.7,15.72,28.65,6.48,88.56,chickpea
83.6,50.3,21.0,23.09,67.22,7.25,98.18,maize
11.4,22.1,25.9,26.0,93.54,6.98,169.42,coconut
86.4,38.4,49.1,28.85,86.09,6.72,212.94,rice
34.2,49.9,19.7,33.12,86.01,7.01,42.35,mungbean
28.5,37.3,15.3,24.82,44.37,9.57,55.5,mothbeans
21.8,57.1,15.8,24.39,43.52,5.8,42.63,mothbeans
34.7,71.2,19.9,16.36,86.63,6.44,74.52,lentil
28.7,81.6,16.6,33.23,66.3,6.59,69.5,blackgram
83.7,31.4,42.2,22.05,76.3,7.4,294.84,rice
101.4,71.9,49.2,26.86,76.29,6.34,157.44,banana
26.3,136.9,193.1,23.56,94.1,5.95,108.41,apple
105.0,23.9,43.2,22.92,60.24,6.63,205.25,coffee
22.1,13.8,23.7,24.09,91.94,7.79,104.41,orange
24.8,60.8,15.9,30.91,89.68,6.25,61.4,blackgram
29.7,48.7,22.8,24.06,44.79,8.17,47.71,mothbeans
17.4,76.2,20.2,18.1,44.12,5.2,180.08,pigeonpeas
28.6,23.6,42.4,28.94,64.58,7.42,93.17,mango
20.6,122.1,199.6,16.69,92.29,5.74,110.27,apple
36.4,52.1,58.8,32.14,87.39,6.26,64.57,papaya
32.0,123.3,209.2,22.5,91.31,5.82,104.83,apple
86.0,27.8,51.4,25.09,93.43,6.94,26.56,muskmelon
21.8,80.7,20.2,34.73,89.39,6.4,61.23,blackgram
22.4,61.9,21.2,17.41,28.45,6.33,100.39,kidneybeans
80.1,55.7,43.2,21.96,76.41,6.78,153.98,rice
20.0,59.2,27.8,26.31,63.33,3.82,36.0,mothbeans
92.1,11.3,55.3,26.77,68.44,6.95,54.57,watermelon
13.7,22.0,43.5,28.31,98.76,5.75,169.38,coconut
22.4,132.6,202.3,30.23,80.46,6.13,88.06,grapes
26.9,59.5,21.5,30.37,50.84,9.26,46.44,mothbeans
17.7,76.6,27.8,27.57,60.63,6.33,61.7,blackgram
25.5,69.4,20.6,28.63,61.57,7.03,73.09,blackgram
22.9,16.1,17.7,29.86,92.46,6.99,113.86,orange
16.2,140.4,201.3,23.73,80.4,5.7,72.92,grapes
22.8,37.9,22.9,25.57,63.32,6.33,63.22,mungbean
25.6,17.8,30.0,27.72,95.64,7.5,184.42,coconut
27.8,68.1,87.8,15.73,27.45,7.96,67.6,chickpea
66.8,48.2,49.2,26.81,93.09,6.27,110.56,papaya
33.3,145.5,191.0,20.05,91.99,6.04,120.0,apple
73.5,58.3,36.5,26.23,89.06,6.23,295.77,rice
27.3,64.9,16.6,31.35,32.11,5.39,122.79,pigeonpeas
97.1,42.8,49.3,31.56,92.06,6.09,207.76,rice
74.3,59.6,44.2,27.04,70.24,6.78,199.2,jute
95.6,55.9,16.4,24.85,78.37,6.28,62.49,cotton
15.6,68.5,18.6,15.5,29.49,5.61,96.5,kidneybeans
14.3,13.2,24.8,15.01,86.97,6.38,121.51,orange
21.7,35.6,25.8,25.32,77.86,6.81,88.44,mungbean
16.2,148.6,205.7,28.2,80.18,5.67,89.35,grapes
10.9,133.0,206.5,15.49,81.75,6.43,67.11,grapes
35.8,58.6,26.0,20.31,20.76,5.99,78.0,kidneybeans
20.6,17.1,38.8,31.61,91.12,7.17,178.4,coconut
13.7,30.8,33.3,25.03,54.69,5.68,85.16,mango
97.9,28.1,32.8,21.51,58.63,7.11,185.1,coffee
99.8,36.7,28.9,26.85,55.98,5.78,67.28,maize
30.2,62.5,17.3,30.01,49.89,5.29,48.98,mothbeans
26.1,23.9,30.1,20.99,86.97,7.37,103.49,pomegranate
13.3,17.8,21.3,20.94,90.95,6.34,109.34,orange
68.7,63.5,30.7,18.8,60.44,7.26,116.68,maize
17.5,34.9,44.9,25.26,59.52,5.6,81.21,mango
96.5,51.1,31.7,25.24,70.05,6.2,107.46,cotton
27.1,66.5,27.6,20.03,47.7,4.69,97.83,pigeonpeas
22.8,14.5,37.5,26.44,96.18,6.05,125.1,coconut
112.1,33.5,44.5,26.98,56.35,7.44,206.87,coffee
29.6,67.0,29.2,22.77,68.56,7.19,54.46,lentil
20.7,79.5,29.0,15.95,24.0,5.84,112.24,kidneybeans
101.9,32.7,39.3,23.53,65.09,6.06,151.9,coffee
20.1,34.2,28.4,31.92,57.29,6.86,94.05,mango
23.2,136.5,192.4,17.25,75.72,6.24,81.36,grapes
91.1,13.9,47.3,29.92,70.4,6.97,63.2,watermelon
69.7,51.7,47.1,29.96,82.94,6.84,180.75,rice
97.1,29.5,41.6,26.99,51.36,6.45,172.42,coffee
98.8,11.5,48.8,26.7,56.56,6.19,67.34,watermelon
16.8,62.3,29.4,25.78,75.97,6.46,59.64,mungbean
91.8,15.2,37.7,19.13,63.19,7.39,217.85,coffee
82.2,56.6,19.6,26.97,74.37,6.8,71.97,maize
37.6,70.5,17.3,34.22,82.72,7.1,81.28,blackgram
29.2,57.9,17.0,27.29,86.47,6.03,77.64,mungbean
21.0,66.6,16.2,20.06,40.43,4.77,190.19,pigeonpeas
33.9,68.6,21.2,31.09,38.78,4.86,154.3,pigeonpeas
70.8,58.9,21.2,22.1,50.29,5.64,83.55,maize
47.2,63.3,99.5,16.41,19.04,6.37,95.76,chickpea
15.7,10.3,22.6,17.76,85.64,6.54,118.21,orange
75.5,56.1,30.1,27.68,74.34,7.12,152.15,jute
19.9,75.7,20.9,29.16,74.08,6.55,63.02,blackgram
62.2,59.6,48.2,26.27,85.49,7.13,195.06,jute
118.5,25.0,33.0,26.4,51.75,6.63,176.3,coffee
60.2,54.7,63.8,23.0,94.61,6.25,40.73,papaya
27.4,67.1,25.2,29.21,88.84,6.9,84.22,blackgram
20.3,16.4,5.4,27.09,92.12,6.23,117.11,orange
81.8,26.0,45.7,29.9,85.23,6.86,21.58,muskmelon
35.7,64.7,18.6,17.63,75.13,6.99,57.64,lentil
97.2,54.2,42.7,30.46,91.07,5.87,283.88,rice
96.3,21.5,36.7,21.02,62.75,6.55,210.26,coffee
35.1,64.8,18.1,15.85,24.33,5.98,110.45,kidneybeans
36.2,60.5,29.3,23.27,41.87,4.69,143.48,pigeonpeas
101.0,55.6,27.1,27.25,82.81,5.51,74.11,cotton
99.4,60.0,47.4,29.84,77.73,7.13,197.83,jute
115.7,70.9,60.0,29.59,89.3,5.55,147.75,banana
35.6,60.7,21.2,25.89,73.13,6.35,54.56,mungbean
115.7,49.5,31.7,25.18,71.78,7.38,99.25,cotton
33.2,127.3,201.9,23.84,94.11,6.46,123.2,apple
26.0,36.2,20.4,30.61,54.55,6.49,32.2,mothbeans
63.8,35.7,27.8,23.46,63.67,5.96,83.45,maize
108.7,18.7,60.7,31.54,72.54,6.21,54.88,watermelon
18.5,16.5,25.6,31.65,53.77,6.6,102.31,mango
29.6,12.6,17.8,17.74,94.8,7.41,122.6,orange
91.4,15.2,41.1,23.17,63.7,7.37,187.88,coffee
36.9,133.1,195.5,20.89,86.42,5.76,116.39,apple
105.1,28.7,64.8,27.17,74.82,6.16,47.61,watermelon
27.8,32.6,40.2,30.2,47.4,6.56,94.27,mango
14.5,23.0,34.8,30.01,95.15,5.67,193.54,coconut
39.7,36.2,24.8,29.43,88.47,6.37,66.6,mungbean
37.1,69.0,16.1,18.88,31.07,6.4,72.21,kidneybeans
28.9,50.8,24.8,27.33,85.93,6.46,74.71,mungbean
93.5,30.7,33.2,24.85,62.05,7.46,215.64,coffee
13.8,12.2,42.8,25.38,99.23,6.55,191.56,coconut
23.9,75.1,22.3,23.86,42.52,6.28,153.32,pigeonpeas
94.3,53.3,48.7,26.12,88.02,6.49,186.64,jute
26.1,78.4,25.2,21.35,87.29,5.54,60.07,lentil
20.0,69.8,26.1,32.7,74.99,6.46,89.21,blackgram
17.8,26.9,30.0,19.18,85.3,6.49,118.16,pomegranate
90.4,44.7,33.6,25.04,83.8,6.13,75.73,cotton
89.7,91.8,46.4,31.55,77.9,6.38,164.76,banana
97.2,28.6,28.7,24.8,57.88,7.19,152.58,coffee
29.4,78.8,19.9,22.16,64.06,6.08,41.51,lentil
77.2,53.2,32.9,24.46,73.26,7.34,153.8,jute
24.3,25.3,32.2,25.34,90.92,6.65,217.81,coconut
96.1,92.9,63.3,26.13,81.35,6.2,175.42,banana
95.5,63.7,32.2,25.29,66.38,6.6,65.22,maize
19.3,19.8,38.8,30.22,46.55,5.83,95.52,mango
31.9,59.1,23.4,32.41,79.86,6.53,80.44,mungbean
113.9,37.5,25.5,24.09,66.34,6.76,84.98,cotton
116.0,29.5,44.9,21.02,67.57,6.9,181.72,coffee
35.0,49.0,20.4,24.87,60.66,8.59,36.72,mothbeans
20.4,131.7,209.2,21.7,82.79,6.36,73.07,grapes
97.0,64.5,25.0,31.51,75.1,6.68,82.46,cotton
29.1,148.8,206.8,22.28,75.73,6.07,76.76,grapes
98.7,13.1,61.9,26.37,94.32,6.25,27.34,muskmelon
82.9,38.4,45.4,22.24,81.47,6.35,226.14,rice
93.6,54.5,31.3,26.28,89.11,6.59,176.31,jute
45.4,46.7,52.6,33.74,85.21,6.47,114.49,papaya
91.4,61.8,34.1,25.08,57.89,6.88,86.26,maize
67.2,32.0,44.8,26.89,91.84,5.78,269.29,rice
13.4,12.1,42.3,18.66,92.54,6.03,104.99,pomegranate
22.4,29.6,36.8,22.92,87.23,6.39,110.24,pomegranate
116.3,85.2,56.9,29.08,87.49,5.62,164.81,banana
28.7,60.2,19.4,21.64,34.31,5.55,113.42,kidneybeans
16.1,60.6,23.1,27.04,31.6,7.34,182.64,pigeonpeas
16.6,27.5,41.5,34.3,61.06,6.35,105.4,mango
94.1,15.4,46.1,27.86,85.53,6.55,23.07,muskmelon
104.3,28.4,53.5,27.56,93.02,6.53,26.84,muskmelon
26.9,74.0,76.7,18.22,31.96,7.46,63.82,chickpea
24.2,69.6,19.7,26.42,66.41,6.16,80.49,blackgram
25.9,127.5,196.7,18.42,94.59,6.3,113.76,apple
112.6,56.3,20.8,22.62,82.16,6.28,69.79,cotton
29.7,21.1,27.5,30.0,62.16,6.86,91.84,mango
82.6,22.6,55.1,28.21,73.53,6.03,63.2,watermelon
96.9,50.7,32.9,26.93,83.1,7.05,193.15,jute
16.4,69.7,28.9,16.05,30.29,5.91,99.31,kidneybeans
35.0,121.4,193.2,18.98,87.3,5.84,129.95,apple
20.5,70.4,23.2,20.38,76.95,7.4,75.6,lentil
114.9,54.4,22.3,27.01,83.1,7.08,79.91,cotton
108.4,29.7,45.9,25.2,63.47,6.19,50.92,watermelon
18.9,44.0,18.7,26.98,38.91,6.68,46.3,mothbeans
91.0,33.8,38.1,27.7,61.6,7.23,206.92,coffee
30.1,77.9,22.9,21.17,53.33,4.74,138.6,pigeonpeas
30.3,125.8,199.5,21.82,91.34,5.93,126.98,apple
83.4,42.6,42.8,30.47,89.96,7.26,177.87,jute
27.3,21.4,44.8,25.73,55.33,7.09,97.31,mango
92.5,54.7,17.6,21.04,73.2,5.95,82.33,maize
115.6,93.6,50.9,27.45,78.36,5.94,138.74,banana
23.6,25.0,40.1,24.26,94.36,7.21,112.71,pomegranate
86.9,15.0,54.3,31.28,86.5,6.83,22.91,muskmelon
88.4,15.2,49.5,29.67,56.7,6.74,60.8,watermelon
15.6,15.5,11.9,16.78,94.58,7.71,102.35,orange
28.2,139.5,191.6,17.71,76.56,6.13,82.06,grapes
19.0,69.2,23.3,25.98,37.35,6.73,92.77,pigeonpeas
83.3,31.9,42.3,25.56,54.85,6.78,162.89,coffee
31.6,140.5,199.6,21.67,85.8,6.35,101.67,apple
32.6,67.7,48.3,33.88,88.68,6.67,58.03,papaya
80.9,39.6,30.4,26.19,88.36,7.49,197.27,jute
83.7,13.8,49.2,28.46,70.74,6.31,42.54,watermelon
119.7,56.0,19.2,26.06,71.69,6.36,98.02,cotton
22.8,74.6,18.5,15.14,30.29,6.12,105.74,kidneybeans
15.4,121.2,207.0,32.28,80.96,6.07,84.39,grapes
12.1,32.0,37.0,34.57,58.4,5.85,98.95,mango
115.7,44.3,31.4,27.66,71.01,6.24,78.06,cotton
97.0,59.1,48.9,25.69,92.24,7.19,197.87,rice
89.0,75.9,48.3,29.77,78.43,6.03,136.12,banana
98.6,26.8,55.3,27.02,73.44,6.04,65.68,watermelon
12.7,28.9,46.1,19.26,89.07,6.53,115.82,pomegranate
20.1,14.1,24.9,25.39,92.86,6.67,124.95,orange
119.2,24.9,44.9,22.9,54.4,6.76,152.77,coffee
67.9,42.5,42.5,29.17,72.48,7.42,167.05,jute
20.7,5.5,44.1,30.76,92.61,6.73,212.32,coconut
17.7,62.5,19.8,29.32,60.64,5.41,184.46,pigeonpeas
27.6,26.7,40.6,26.74,58.56,7.3,95.43,mango
11.1,6.3,19.6,23.52,88.69,6.21,121.97,orange
62.1,51.2,29.2,25.84,67.85,7.1,80.37,maize
35.2,65.6,24.6,27.46,63.28,7.19,62.97,blackgram
39.9,68.6,20.3,23.61,34.03,7.15,135.63,pigeonpeas
88.1,19.4,46.5,29.94,88.94,6.27,20.03,muskmelon
11.4,13.0,34.5,31.98,94.31,6.95,189.34,coconut
19.9,148.4,205.0,29.61,75.46,6.05,74.01,grapes
83.4,40.3,31.8,29.3,84.44,6.26,151.41,jute
83.7,39.9,22.8,26.72,56.45,6.81,79.51,maize
117.3,64.1,24.9,24.9,80.4,5.83,98.28,cotton
15.4,129.6,193.9,23.13,93.45,5.76,109.77,apple
79.4,40.0,33.9,25.65,66.73,6.42,84.71,maize
28.6,55.8,22.7,31.92,51.4,5.91,60.89,mothbeans
43.8,82.2,98.3,24.6,25.43,7.95,90.29,chickpea
68.2,35.7,30.7,25.66,86.3,5.63,266.33,rice
81.2,63.1,15.8,19.1,61.3,7.37,78.97,maize
20.9,41.3,26.0,26.56,47.71,4.56,68.39,mothbeans
25.9,120.7,197.3,16.28,86.21,5.78,101.6,apple
16.1,29.7,35.5,19.42,89.42,6.09,119.57,pomegranate
15.5,20.5,27.3,25.25,51.95,7.03,104.32,mango
12.6,16.6,25.4,30.92,57.59,7.47,95.92,mango
106.4,29.3,38.1,25.61,53.56,6.88,215.88,coffee
24.4,34.9,27.6,24.54,58.89,7.16,113.85,mango
117.6,27.9,26.8,18.21,51.02,6.91,192.98,coffee
25.4,77.0,25.3,33.33,67.5,6.91,77.56,blackgram
19.7,21.9,33.4,34.22,63.22,6.93,115.39,mango
25.8,11.3,22.1,28.64,91.61,6.65,115.49,orange
16.3,28.7,29.3,28.62,48.76,5.52,118.8,mango
28.4,52.3,24.7,24.14,63.61,3.79,35.72,mothbeans
105.4,70.5,59.4,30.36,80.99,5.95,168.1,banana
23.5,129.8,190.7,21.51,90.35,5.96,127.23,apple
23.9,78.4,23.5,21.66,54.32,6.2,177.59,pigeonpeas
94.6,48.0,44.2,20.25,94.4,7.16,181.85,rice
97.1,10.7,55.3,29.27,86.91,6.27,26.4,muskmelon
23.6,75.5,15.4,27.66,41.06,4.67,157.08,pigeonpeas
91.0,48.7,18.0,30.24,71.27,6.64,81.44,cotton
81.0,82.0,64.7,23.01,81.36,5.81,172.41,banana
36.2,77.1,18.2,16.45,69.49,7.45,46.56,lentil
78.2,54.7,48.3,29.15,74.85,6.91,198.5,jute
29.5,12.4,5.5,17.51,85.26,7.98,108.37,orange
102.9,96.8,54.5,31.45,78.22,5.57,171.32,banana
28.5,144.5,196.5,34.65,82.09,5.56,61.05,grapes
30.1,56.7,28.4,30.3,80.08,7.25,64.51,blackgram
105.9,23.6,37.6,19.23,60.28,7.48,166.47,coffee
95.0,92.7,55.6,29.04,78.9,6.44,142.41,banana
80.3,15.7,47.4,24.82,56.55,6.59,45.68,watermelon
22.8,80.8,17.0,27.87,55.97,6.53,117.75,pigeonpeas
19.7,71.7,19.4,23.84,43.19,7.13,189.58,pigeonpeas
26.9,77.9,18.9,19.81,89.76,6.87,72.86,lentil
23.4,76.1,86.2,15.97,19.84,6.02,78.75,chickpea
25.7,73.5,16.2,19.23,36.01,6.05,113.54,pigeonpeas
21.3,12.0,48.4,18.99,87.25,6.84,115.28,pomegranate
26.4,18.7,31.4,23.5,88.77,6.15,112.68,pomegranate
33.7,69.5,18.2,31.54,55.03,7.37,136.98,pigeonpeas
25.7,71.6,19.9,22.2,79.31,6.17,68.97,lentil
11.3,29.3,35.5,33.91,51.26,6.65,100.03,mango
25.8,59.0,26.1,29.26,70.01,6.47,78.7,mungbean
41.5,45.9,46.9,24.84,90.04,6.85,108.96,papaya
30.7,52.3,53.6,26.32,93.84,6.79,90.07,papaya
39.0,70.3,26.0,19.11,70.65,6.31,53.41,lentil
25.7,14.0,32.6,22.73,90.6,7.18,114.78,pomegranate
11.6,21.2,36.6,19.08,93.49,6.78,118.67,pomegranate
91.3,16.0,47.2,28.43,88.79,6.69,28.18,muskmelon
26.1,12.6,44.3,21.05,87.95,6.08,109.74,pomegranate
108.5,11.2,63.0,26.44,65.0,6.42,45.16,watermelon
119.3,72.9,56.8,28.26,83.07,6.16,109.29,banana
26.4,23.7,39.5,26.97,47.0,6.2,96.12,mango
15.6,12.1,32.2,20.04,91.14,7.21,117.99,pomegranate
118.1,21.5,33.4,19.1,54.95,7.32,175.26,coffee
98.3,34.7,35.3,25.42,63.66,7.27,165.1,coffee
115.4,90.3,51.8,27.44,87.61,6.38,112.83,banana
38.6,60.9,28.1,32.04,73.62,6.81,85.49,blackgram
15.6,55.9,25.9,30.69,64.11,9.84,32.61,mothbeans
32.3,49.2,54.0,27.0,92.83,6.16,118.09,papaya
91.6,40.0,39.7,28.47,73.2,7.17,164.97,jute
81.2,91.7,63.1,29.96,83.76,6.17,179.22,banana
61.4,51.8,48.9,29.67,92.41,6.32,48.38,papaya
16.8,16.5,30.7,26.83,90.29,7.46,182.48,coconut
69.6,69.9,56.8,30.61,91.49,6.06,57.44,papaya
13.5,127.8,199.4,19.66,80.89,6.42,82.44,grapes
25.0,25.2,41.2,28.81,47.48,6.63,118.09,mango
39.4,81.2,19.9,30.88,85.42,6.66,60.54,blackgram
65.1,53.2,51.8,34.1,90.79,6.18,93.1,papaya
35.6,69.6,23.2,28.05,65.45,6.13,81.42,blackgram
25.0,64.8,15.2,23.27,31.02,5.6,94.61,kidneybeans
10.1,15.9,29.9,25.26,55.67,7.22,109.47,mango
26.9,16.4,40.5,25.54,95.62,5.65,154.81,coconut
87.3,32.9,28.0,24.36,67.8,7.37,205.53,coffee
24.8,23.6,8.3,17.45,90.41,7.23,114.41,orange
17.7,33.9,36.8,27.79,57.51,7.32,90.96,mango
13.7,130.8,205.1,28.16,80.81,6.03,85.3,grapes
66.1,37.4,33.2,22.24,80.7,5.85,284.51,rice
38.6,39.0,26.6,27.65,88.01,7.08,77.69,mungbean
37.4,57.5,20.9,16.0,15.33,6.16,96.15,kidneybeans
25.8,10.4,31.9,31.0,90.5,6.52,168.17,coconut
18.2,47.8,17.4,29.6,56.56,4.19,50.25,mothbeans
27.4,27.9,47.7,21.79,91.46,6.82,101.02,pomegranate
107.9,63.3,27.2,29.83,78.46,6.74,95.92,cotton
13.8,136.8,203.9,25.64,79.34,5.89,85.25,grapes
19.8,46.6,22.3,28.55,69.62,7.45,72.08,mungbean
86.9,48.3,32.4,19.59,67.32,7.18,116.68,maize
38.7,78.4,87.3,16.47,31.22,7.27,75.53,chickpea
12.3,23.6,30.4,29.03,99.17,6.13,141.71,coconut
25.5,58.3,20.1,28.51,37.17,8.32,32.09,mothbeans
26.3,56.5,95.3,24.81,30.86,7.71,69.68,chickpea
15.1,20.0,38.7,27.73,93.37,6.74,217.78,coconut
95.7,29.5,36.4,22.87,63.96,6.59,158.83,coffee
18.3,58.0,29.0,34.47,71.07,6.2,65.92,mungbean
65.6,61.1,50.5,33.44,90.41,6.91,43.21,papaya
24.9,20.1,43.0,21.52,89.92,6.26,105.57,pomegranate
54.3,63.7,53.8,28.33,94.6,6.73,48.85,papaya
34.3,37.3,27.4,29.28,77.88,6.13,56.87,mungbean
106.4,88.4,62.0,26.8,88.06,5.86,174.14,banana
11.1,17.7,32.4,28.28,94.23,6.07,210.41,coconut
29.2,120.6,204.8,34.18,83.62,5.67,69.8,grapes
13.6,18.9,41.9,25.22,90.33,5.99,217.97,coconut
82.5,25.5,47.0,31.17,88.04,6.65,24.88,muskmelon
28.7,37.7,26.3,28.66,36.53,4.72,37.37,mothbeans
21.2,25.7,41.5,34.8,53.22,7.03,83.99,mango
25.2,21.6,24.5,25.91,89.62,6.61,106.67,orange
36.3,83.1,16.3,18.86,16.42,5.71,73.76,kidneybeans
100.0,54.4,49.5,29.24,78.13,6.58,174.43,jute
88.3,36.1,46.8,31.9,79.45,7.45,177.37,jute
107.5,36.1,32.5,24.97,84.94,7.89,107.03,cotton
25.3,56.1,18.3,26.93,43.68,9.85,68.19,mothbeans
22.8,148.6,206.8,23.52,81.45,5.68,76.82,grapes
66.7,40.0,15.7,24.63,66.6,6.45,110.65,maize
91.3,19.7,53.1,29.55,88.56,6.96,29.36,muskmelon
75.2,40.0,49.4,27.66,87.92,6.52,193.04,jute
87.6,17.6,60.6,27.94,72.78,6.35,51.08,watermelon
61.3,38.3,42.7,28.96,84.93,7.08,182.98,jute
20.9,140.4,199.8,22.72,94.48,5.62,110.04,apple
12.2,17.4,36.9,27.79,45.7,6.58,95.51,mango
48.7,70.0,83.0,19.58,19.18,6.74,74.79,chickpea
15.2,148.8,200.3,24.83,85.58,6.08,110.48,apple
44.2,84.5,92.6,18.93,26.81,7.32,63.14,chickpea
14.9,21.0,36.2,28.38,58.49,5.61,84.96,mango
36.3,83.9,72.3,18.66,19.51,6.39,65.63,chickpea
45.9,74.7,62.6,31.74,90.37,6.46,54.79,papaya
95.3,98.0,53.6,27.39,81.69,6.06,137.64,banana
32.0,56.9,20.9,34.64,76.17,6.43,63.61,blackgram
89.9,56.2,32.2,30.35,85.43,6.52,184.51,jute
17.4,18.5,37.2,23.59,90.24,6.86,117.06,pomegranate
37.5,52.1,60.9,23.21,89.37,6.02,67.74,papaya
98.8,18.4,46.2,27.91,71.27,6.1,42.09,watermelon
39.1,55.4,22.2,28.33,73.47,6.86,73.07,blackgram
26.5,18.0,32.0,18.43,85.51,6.57,106.74,pomegranate
51.6,50.5,53.8,32.39,89.62,6.15,97.91,papaya
75.1,32.5,45.5,26.7,83.48,7.31,166.68,rice
107.6,17.1,59.4,27.54,68.1,6.34,49.68,watermelon
17.1,60.5,26.4,25.22,84.51,6.02,79.71,blackgram
89.2,49.0,41.8,27.85,84.14,6.63,183.46,jute
39.5,74.5,27.1,22.15,26.86,5.55,87.29,kidneybeans
21.6,78.0,82.5,23.22,32.01,6.42,86.29,chickpea
108.2,26.2,61.4,26.37,86.43,6.03,22.37,muskmelon
38.7,37.7,17.4,31.69,48.81,3.59,40.31,mothbeans
18.7,133.3,193.5,21.62,86.58,6.4,106.92,apple
36.9,50.8,22.0,24.85,52.73,9.14,63.13,mothbeans
20.6,70.0,27.6,32.01,83.67,6.53,72.14,blackgram
27.8,49.6,24.4,31.57,50.29,7.01,32.01,mothbeans
24.3,55.4,82.7,17.95,24.72,7.15,61.75,chickpea
16.2,6.0,39.9,26.65,97.22,6.92,173.48,coconut
34.9,132.9,199.1,23.79,93.96,5.74,105.98,apple
25.2,40.7,22.8,34.08,84.13,6.1,74.63,mungbean
29.9,72.8,17.5,16.23,89.4,6.29,45.23,lentil
28.4,65.7,20.3,23.29,30.79,5.81,114.83,kidneybeans
21.6,61.9,16.6,29.25,61.74,4.6,68.73,mothbeans
35.1,145.8,197.2,18.25,90.17,5.55,128.36,apple
18.2,60.3,20.4,31.6,74.12,6.3,70.08,mungbean
87.7,22.4,54.2,30.26,61.19,6.64,66.47,watermelon
92.2,52.6,32.4,19.85,52.8,6.04,63.43,maize
76.3,46.2,20.2,24.51,62.4,5.66,73.21,maize
112.1,99.6,51.9,27.99,89.06,5.67,157.41,banana
27.7,17.8,36.6,25.3,92.21,5.97,163.07,coconut
22.7,22.0,18.4,27.46,87.34,6.74,104.42,orange
19.2,82.5,19.9,23.21,56.59,5.52,194.73,pigeonpeas
81.5,70.8,59.8,25.18,86.94,5.93,136.24,banana
35.1,56.3,29.9,26.3,83.88,6.59,74.77,blackgram
48.0,56.2,54.2,32.85,91.59,6.06,116.61,papaya
20.5,48.3,24.3,32.7,63.12,7.44,84.51,mungbean
93.2,39.3,37.4,28.4,79.65,6.3,157.03,jute
92.6,91.0,61.5,29.31,89.84,5.77,170.0,banana
85.4,21.5,64.7,26.33,70.89,6.49,41.19,watermelon
108.7,20.5,40.8,26.55,68.41,6.24,171.27,coffee
17.4,126.8,208.0,24.8,91.48,6.42,119.28,apple
85.8,35.3,48.8,31.45,93.3,6.24,152.32,rice
29.4,64.5,18.6,29.45,55.06,7.45,33.54,mothbeans
67.7,63.8,48.0,30.84,86.05,6.87,81.33,papaya
19.8,28.5,40.4,21.41,90.78,7.03,102.14,pomegranate
88.5,48.1,34.5,30.62,86.36,6.59,179.43,jute
12.8,25.0,39.4,23.48,92.46,6.91,113.73,pomegranate
84.9,10.8,56.2,28.81,87.05,6.7,27.41,muskmelon
16.9,17.0,39.4,20.34,86.07,6.22,100.67,pomegranate
93.6,43.8,34.6,26.37,74.44,6.75,104.21,cotton
64.3,61.6,45.9,34.67,93.29,6.13,113.74,papaya
25.2,14.1,42.6,31.42,90.24,7.48,191.0,coconut
105.8,25.6,49.9,30.14,55.25,6.22,41.95,watermelon
79.5,53.2,30.3,19.57,62.56,6.3,68.78,maize
81.2,20.9,46.8,31.97,72.95,6.02,65.76,watermelon
26.3,142.8,200.9,21.51,90.17,6.49,101.64,apple
36.2,60.9,16.9,31.49,33.78,5.94,154.41,pigeonpeas
21.5,16.4,23.3,23.95,86.37,7.15,102.74,orange
20.1,65.1,22.0,18.31,82.65,6.16,41.22,lentil
81.7,27.1,64.2,29.82,88.64,6.94,26.63,muskmelon
112.6,48.2,30.7,31.76,69.8,7.66,91.09,cotton
107.4,29.5,50.2,25.7,56.61,6.56,40.41,watermelon
37.3,72.9,27.2,24.02,56.25,7.24,152.93,pigeonpeas
118.0,18.0,44.9,24.44,61.35,6.77,151.66,coffee
118.7,84.3,59.5,25.71,77.77,5.94,113.26,banana
109.0,42.8,18.8,26.59,77.27,6.12,75.03,cotton
23.8,82.5,17.0,21.72,60.13,7.35,40.06,lentil
10.0,129.7,194.4,34.42,82.27,5.85,62.79,grapes
22.7,71.4,21.3,16.6,18.42,5.92,105.44,kidneybeans
86.4,28.8,36.9,25.49,53.01,7.41,193.47,coffee
28.2,27.1,44.4,29.73,96.83,6.62,132.59,coconut
67.6,47.7,34.1,29.87,74.83,7.06,178.92,jute
68.8,64.3,21.7,19.64,69.74,6.82,89.89,maize
25.3,149.8,196.9,23.22,76.66,5.7,80.8,grapes
35.3,40.9,18.2,31.76,72.15,7.4,44.45,mungbean
24.7,14.0,28.7,26.66,95.64,6.95,168.19,coconut
84.6,12.8,47.6,24.91,59.81,6.31,68.85,watermelon
45.8,57.8,56.6,28.02,86.69,6.02,88.78,papaya
15.2,60.1,23.7,32.14,87.5,7.06,80.15,blackgram
35.1,78.2,23.2,15.66,30.33,6.08,106.92,kidneybeans
107.9,53.3,19.4,28.51,80.31,6.39,100.07,cotton
29.9,74.9,21.3,27.82,44.38,6.01,90.81,pigeonpeas
31.1,121.3,200.8,15.17,92.79,5.83,114.16,apple
80.1,31.5,35.6,30.9,79.79,5.79,223.42,rice
32.3,61.9,16.8,16.65,15.04,6.22,103.94,kidneybeans
16.9,70.3,29.5,31.93,62.13,6.28,83.14,blackgram
32.0,130.1,197.6,22.35,94.28,6.13,123.7,apple
15.4,46.2,20.3,30.43,62.18,7.19,50.89,mungbean
33.3,55.0,23.9,24.16,68.64,5.87,64.33,lentil
18.9,11.8,22.0,23.22,93.33,6.21,104.23,orange
114.5,51.5,32.4,29.63,82.37,5.55,72.18,cotton
88.3,89.5,62.4,29.48,88.03,6.04,160.15,banana
28.6,145.0,200.8,20.17,94.05,6.29,127.27,apple
15.2,54.4,22.7,27.56,63.84,7.21,64.54,mothbeans
27.4,19.5,34.5,25.46,52.9,5.85,94.55,mango
83.6,38.0,42.5,24.91,86.04,6.37,194.17,rice
115.4,53.3,27.2,24.97,81.68,5.91,62.66,cotton
95.5,27.5,30.8,18.65,51.64,6.19,208.51,coffee
109.9,11.0,53.8,28.16,88.01,6.57,21.5,muskmelon
30.0,19.9,33.6,21.59,93.14,7.17,115.77,pomegranate
35.2,81.2,84.8,22.02,34.86,6.26,70.99,chickpea
32.7,60.3,18.8,23.11,88.42,5.77,57.39,lentil
25.5,55.5,26.9,15.69,24.49,6.06,97.71,kidneybeans
95.4,10.2,58.5,27.97,90.11,6.21,25.52,muskmelon
85.3,90.6,49.2,30.58,75.88,5.72,179.88,banana
68.8,59.6,46.9,23.24,88.96,7.08,154.12,jute
21.9,74.3,25.4,33.71,70.27,7.15,76.84,blackgram
37.0,67.4,23.1,25.49,60.07,6.37,80.42,blackgram
20.5,61.0,28.8,23.53,83.25,6.29,57.7,lentil
25.4,60.6,27.8,24.79,33.18,5.21,64.99,mothbeans
109.1,33.9,30.1,25.42,51.09,6.95,174.56,coffee
